{
  "rtime": {
    "sum": 5.3272881507873535,
    "avg": 0.19730696854767976,
    "min": 0.020761966705322266,
    "p10": 0.023285865783691406,
    "median": 0.05278301239013672,
    "p75": 0.06243753433227539,
    "max": 1.637840986251831,
    "count": 27
  },
  "utime": {
    "sum": 3.8206560000000005,
    "avg": 0.14150577777777779,
    "min": 0.01064,
    "p10": 0.01098,
    "median": 0.036996,
    "p75": 0.039237,
    "max": 1.403034,
    "count": 27
  },
  "stime": {
    "sum": 0.255676,
    "avg": 0.009469481481481481,
    "min": 0.003266,
    "p10": 0.0038535,
    "median": 0.007762999999999999,
    "p75": 0.009171499999999999,
    "max": 0.03465700000000001,
    "count": 27
  },
  "cutime": {
    "sum": 1.3567300000000002,
    "avg": 0.050249259259259264,
    "min": 0.002263,
    "p10": 0.002569,
    "median": 0.002793,
    "p75": 0.0028995,
    "max": 1.284855,
    "count": 27
  },
  "cstime": {
    "sum": 0.18778399999999995,
    "avg": 0.006954962962962961,
    "min": 0.002859,
    "p10": 0.0030515,
    "median": 0.003686,
    "p75": 0.0039025,
    "max": 0.094069,
    "count": 27
  },
  "minor_gb": {
    "sum": 5.518535204231739,
    "avg": 0.20439019274932366,
    "min": 0.007160604000091553,
    "p10": 0.0071607306599617004,
    "median": 0.010144449770450592,
    "p75": 0.010634690523147583,
    "max": 2.5190958976745605,
    "count": 27
  },
  "promoted_gb": {
    "sum": 0.10543307662010193,
    "avg": 0.003904928763707479,
    "min": 0.0015837997198104858,
    "p10": 0.0015837997198104858,
    "median": 0.0015837997198104858,
    "p75": 0.0015837997198104858,
    "max": 0.02799389511346817,
    "count": 27
  },
  "major_gb": {
    "sum": 0.1324649155139923,
    "avg": 0.004906107981999715,
    "min": 0.0016143396496772766,
    "p10": 0.0016143396496772766,
    "median": 0.0031321123242378235,
    "p75": 0.0031321458518505096,
    "max": 0.029848352074623108,
    "count": 27
  },
  "allocated_gb": {
    "sum": 5.545567043125629,
    "avg": 0.2053913719676159,
    "min": 0.0071911439299583435,
    "p10": 0.007191270589828491,
    "median": 0.01169276237487793,
    "p75": 0.012184575200080872,
    "max": 2.5209503546357155,
    "count": 27
  },
  "minor_collections": {
    "sum": 819.0,
    "avg": 30.333333333333332,
    "min": 5.0,
    "p10": 5.0,
    "median": 5.0,
    "p75": 5.0,
    "max": 330.0,
    "count": 27
  },
  "major_collections": {
    "sum": 16.0,
    "avg": 0.5925925925925926,
    "min": 0.0,
    "p10": 0.0,
    "median": 0.0,
    "p75": 0.0,
    "max": 7.0,
    "count": 27
  },
  "compactions": {
    "sum": 0.0,
    "avg": 0.0,
    "min": 0.0,
    "p10": 0.0,
    "median": 0.0,
    "p75": 0.0,
    "max": 0.0,
    "count": 27
  },
  "top_heap_gb": {
    "sum": 0.14474868774414062,
    "avg": 0.005361062509042246,
    "min": 0.003662109375,
    "p10": 0.003662109375,
    "median": 0.003662109375,
    "p75": 0.003662109375,
    "max": 0.019641876220703125,
    "count": 27
  },
  "stack_kb": {
    "sum": 9.9140625,
    "avg": 0.3671875,
    "min": 0.3671875,
    "p10": 0.3671875,
    "median": 0.3671875,
    "p75": 0.3671875,
    "max": 0.3671875,
    "count": 27
  },
  "minor_heap_kb": {
    "sum": 221184.0,
    "avg": 8192.0,
    "min": 8192.0,
    "p10": 8192.0,
    "median": 8192.0,
    "p75": 8192.0,
    "max": 8192.0,
    "count": 27
  },
  "attributes_table": {
    "num_bindings": {
      "sum": 48.0,
      "avg": 1.7777777777777777,
      "min": 0.0,
      "p10": 0.0,
      "median": 1.0,
      "p75": 1.0,
      "max": 15.0,
      "count": 27
    },
    "num_buckets": {
      "sum": 432.0,
      "avg": 16.0,
      "min": 16.0,
      "p10": 16.0,
      "median": 16.0,
      "p75": 16.0,
      "max": 16.0,
      "count": 27
    },
    "max_bucket_length": {
      "sum": 19.0,
      "avg": 0.7037037037037037,
      "min": 0.0,
      "p10": 0.0,
      "median": 1.0,
      "p75": 1.0,
      "max": 3.0,
      "count": 27
    }
  }
}