{
  "rtime": {
    "sum": 5.232676982879639,
    "avg": 0.1938028512177644,
    "min": 0.02093195915222168,
    "p10": 0.022137999534606934,
    "median": 0.05538010597229004,
    "p75": 0.0638500452041626,
    "max": 1.6224441528320312,
    "count": 27
  },
  "utime": {
    "sum": 3.8262860000000005,
    "avg": 0.1417142962962963,
    "min": 0.010384999999999998,
    "p10": 0.010837000000000001,
    "median": 0.036598,
    "p75": 0.0382855,
    "max": 1.4248260000000001,
    "count": 27
  },
  "stime": {
    "sum": 0.25627600000000006,
    "avg": 0.009491703703703705,
    "min": 0.003785,
    "p10": 0.004018000000000001,
    "median": 0.00795,
    "p75": 0.009053499999999999,
    "max": 0.033327,
    "count": 27
  },
  "cutime": {
    "sum": 1.2646090000000003,
    "avg": 0.04683737037037038,
    "min": 0.002277,
    "p10": 0.002536,
    "median": 0.002792,
    "p75": 0.0030039999999999997,
    "max": 1.191673,
    "count": 27
  },
  "cstime": {
    "sum": 0.186025,
    "avg": 0.006889814814814815,
    "min": 0.002963,
    "p10": 0.003158,
    "median": 0.003584,
    "p75": 0.004122499999999999,
    "max": 0.087299,
    "count": 27
  },
  "minor_gb": {
    "sum": 5.527966350317001,
    "avg": 0.20473949445618522,
    "min": 0.007160604000091553,
    "p10": 0.0071607306599617004,
    "median": 0.010144464671611786,
    "p75": 0.010634690523147583,
    "max": 2.519096367061138,
    "count": 27
  },
  "promoted_gb": {
    "sum": 0.1065886914730072,
    "avg": 0.003947729313815081,
    "min": 0.0015837997198104858,
    "p10": 0.0015837997198104858,
    "median": 0.0015837997198104858,
    "p75": 0.0015837997198104858,
    "max": 0.02816774696111679,
    "count": 27
  },
  "major_gb": {
    "sum": 0.13389794528484344,
    "avg": 0.004959183158697905,
    "min": 0.0016143396496772766,
    "p10": 0.0016143396496772766,
    "median": 0.003146730363368988,
    "p75": 0.003146763890981674,
    "max": 0.030036821961402893,
    "count": 27
  },
  "allocated_gb": {
    "sum": 5.555275604128838,
    "avg": 0.20575094830106805,
    "min": 0.0071911439299583435,
    "p10": 0.007191270589828491,
    "median": 0.011707395315170288,
    "p75": 0.012199193239212036,
    "max": 2.5209654420614243,
    "count": 27
  },
  "minor_collections": {
    "sum": 821.0,
    "avg": 30.40740740740741,
    "min": 5.0,
    "p10": 5.0,
    "median": 5.0,
    "p75": 5.0,
    "max": 330.0,
    "count": 27
  },
  "major_collections": {
    "sum": 17.0,
    "avg": 0.6296296296296297,
    "min": 0.0,
    "p10": 0.0,
    "median": 0.0,
    "p75": 0.0,
    "max": 7.0,
    "count": 27
  },
  "compactions": {
    "sum": 0.0,
    "avg": 0.0,
    "min": 0.0,
    "p10": 0.0,
    "median": 0.0,
    "p75": 0.0,
    "max": 0.0,
    "count": 27
  },
  "top_heap_gb": {
    "sum": 0.14381790161132812,
    "avg": 0.005326588948567708,
    "min": 0.003662109375,
    "p10": 0.003662109375,
    "median": 0.003662109375,
    "p75": 0.003662109375,
    "max": 0.019641876220703125,
    "count": 27
  },
  "stack_kb": {
    "sum": 9.9140625,
    "avg": 0.3671875,
    "min": 0.3671875,
    "p10": 0.3671875,
    "median": 0.3671875,
    "p75": 0.3671875,
    "max": 0.3671875,
    "count": 27
  },
  "minor_heap_kb": {
    "sum": 221184.0,
    "avg": 8192.0,
    "min": 8192.0,
    "p10": 8192.0,
    "median": 8192.0,
    "p75": 8192.0,
    "max": 8192.0,
    "count": 27
  },
  "attributes_table": {
    "num_bindings": {
      "sum": 49.0,
      "avg": 1.8148148148148149,
      "min": 0.0,
      "p10": 0.0,
      "median": 1.0,
      "p75": 1.0,
      "max": 15.0,
      "count": 27
    },
    "num_buckets": {
      "sum": 432.0,
      "avg": 16.0,
      "min": 16.0,
      "p10": 16.0,
      "median": 16.0,
      "p75": 16.0,
      "max": 16.0,
      "count": 27
    },
    "max_bucket_length": {
      "sum": 19.0,
      "avg": 0.7037037037037037,
      "min": 0.0,
      "p10": 0.0,
      "median": 1.0,
      "p75": 1.0,
      "max": 3.0,
      "count": 27
    }
  }
}