{
  "rtime": {
    "sum": 5.312976121902466,
    "avg": 0.19677689340379503,
    "min": 0.01891303062438965,
    "p10": 0.021379470825195312,
    "median": 0.05382108688354492,
    "p75": 0.06927490234375,
    "max": 1.6696791648864746,
    "count": 27
  },
  "utime": {
    "sum": 3.7840370000000005,
    "avg": 0.14014951851851853,
    "min": 0.009657000000000001,
    "p10": 0.010372000000000001,
    "median": 0.036933,
    "p75": 0.0387705,
    "max": 1.398157,
    "count": 27
  },
  "stime": {
    "sum": 0.24904300000000001,
    "avg": 0.009223814814814815,
    "min": 0.0023219999999999994,
    "p10": 0.003648000000000001,
    "median": 0.007784000000000001,
    "p75": 0.008605999999999999,
    "max": 0.034304,
    "count": 27
  },
  "cutime": {
    "sum": 1.2546420000000007,
    "avg": 0.04646822222222225,
    "min": 0.002042,
    "p10": 0.0024455,
    "median": 0.002795,
    "p75": 0.002899,
    "max": 1.183657,
    "count": 27
  },
  "cstime": {
    "sum": 0.17439300000000005,
    "avg": 0.006459000000000002,
    "min": 0.002639,
    "p10": 0.0029955,
    "median": 0.00367,
    "p75": 0.0039365,
    "max": 0.08167099999999999,
    "count": 27
  },
  "minor_gb": {
    "sum": 5.527966253459454,
    "avg": 0.20473949086886864,
    "min": 0.007160604000091553,
    "p10": 0.0071607306599617004,
    "median": 0.010144464671611786,
    "p75": 0.010634690523147583,
    "max": 2.519096367061138,
    "count": 27
  },
  "promoted_gb": {
    "sum": 0.1065671518445015,
    "avg": 0.0039469315497963516,
    "min": 0.0015837997198104858,
    "p10": 0.0015837997198104858,
    "median": 0.0015837997198104858,
    "p75": 0.0015837997198104858,
    "max": 0.02816774696111679,
    "count": 27
  },
  "major_gb": {
    "sum": 0.13387640565633774,
    "avg": 0.004958385394679176,
    "min": 0.0016143396496772766,
    "p10": 0.0016143396496772766,
    "median": 0.003146730363368988,
    "p75": 0.003146763890981674,
    "max": 0.030036821961402893,
    "count": 27
  },
  "allocated_gb": {
    "sum": 5.55527550727129,
    "avg": 0.20575094471375147,
    "min": 0.0071911439299583435,
    "p10": 0.007191270589828491,
    "median": 0.011707395315170288,
    "p75": 0.012199193239212036,
    "max": 2.5209654420614243,
    "count": 27
  },
  "minor_collections": {
    "sum": 820.0,
    "avg": 30.37037037037037,
    "min": 5.0,
    "p10": 5.0,
    "median": 5.0,
    "p75": 5.0,
    "max": 330.0,
    "count": 27
  },
  "major_collections": {
    "sum": 16.0,
    "avg": 0.5925925925925926,
    "min": 0.0,
    "p10": 0.0,
    "median": 0.0,
    "p75": 0.0,
    "max": 7.0,
    "count": 27
  },
  "compactions": {
    "sum": 0.0,
    "avg": 0.0,
    "min": 0.0,
    "p10": 0.0,
    "median": 0.0,
    "p75": 0.0,
    "max": 0.0,
    "count": 27
  },
  "top_heap_gb": {
    "sum": 0.145965576171875,
    "avg": 0.005406132450810185,
    "min": 0.003662109375,
    "p10": 0.003662109375,
    "median": 0.003662109375,
    "p75": 0.003662109375,
    "max": 0.019641876220703125,
    "count": 27
  },
  "stack_kb": {
    "sum": 9.9140625,
    "avg": 0.3671875,
    "min": 0.3671875,
    "p10": 0.3671875,
    "median": 0.3671875,
    "p75": 0.3671875,
    "max": 0.3671875,
    "count": 27
  },
  "minor_heap_kb": {
    "sum": 221184.0,
    "avg": 8192.0,
    "min": 8192.0,
    "p10": 8192.0,
    "median": 8192.0,
    "p75": 8192.0,
    "max": 8192.0,
    "count": 27
  },
  "attributes_table": {
    "num_bindings": {
      "sum": 49.0,
      "avg": 1.8148148148148149,
      "min": 0.0,
      "p10": 0.0,
      "median": 1.0,
      "p75": 1.0,
      "max": 15.0,
      "count": 27
    },
    "num_buckets": {
      "sum": 432.0,
      "avg": 16.0,
      "min": 16.0,
      "p10": 16.0,
      "median": 16.0,
      "p75": 16.0,
      "max": 16.0,
      "count": 27
    },
    "max_bucket_length": {
      "sum": 19.0,
      "avg": 0.7037037037037037,
      "min": 0.0,
      "p10": 0.0,
      "median": 1.0,
      "p75": 1.0,
      "max": 3.0,
      "count": 27
    }
  }
}