{
  "rtime": 1.637840986251831,
  "utime": 1.403034,
  "stime": 0.03465700000000001,
  "cutime": 0.002791,
  "cstime": 0.003983,
  "minor_gb": 2.5190958976745605,
  "promoted_gb": 0.02799389511346817,
  "major_gb": 0.029848352074623108,
  "allocated_gb": 2.5209503546357155,
  "minor_collections": 330,
  "major_collections": 7,
  "compactions": 0,
  "top_heap_gb": 0.019641876220703125,
  "stack_kb": 0.3671875,
  "minor_heap_kb": 8192.0,
  "attributes_table": {
    "num_bindings": 14,
    "num_buckets": 16,
    "max_bucket_length": 2
  }
}