{
  "rtime": 19.05099105834961,
  "utime": 0.015588,
  "stime": 0.045375,
  "cutime": 19.386995,
  "cstime": 2.150624,
  "minor_gb": 0.009566031396389008,
  "promoted_gb": 0.0015378817915916443,
  "major_gb": 0.00270872563123703,
  "allocated_gb": 0.010736875236034393,
  "minor_collections": 5,
  "major_collections": 0,
  "compactions": 0,
  "top_heap_gb": 0.003662109375,
  "stack_kb": 0.3671875,
  "minor_heap_kb": 8192.0,
  "attributes_table": {
    "num_bindings": 0,
    "num_buckets": 16,
    "max_bucket_length": 0
  }
}