{
  "rtime": 0.02695298194885254,
  "utime": 0.011753,
  "stime": 0.004011000000000001,
  "cutime": 0.00293,
  "cstime": 0.004063,
  "minor_gb": 0.007160760462284088,
  "promoted_gb": 0.0015837997198104858,
  "major_gb": 0.0016143396496772766,
  "allocated_gb": 0.007191300392150879,
  "minor_collections": 5,
  "major_collections": 0,
  "compactions": 0,
  "top_heap_gb": 0.003662109375,
  "stack_kb": 0.3671875,
  "minor_heap_kb": 8192.0,
  "attributes_table": {
    "num_bindings": 0,
    "num_buckets": 16,
    "max_bucket_length": 0
  }
}