{
  "rtime": 21.77765393257141,
  "utime": 0.017416,
  "stime": 0.048597,
  "cutime": 18.802628,
  "cstime": 2.181672,
  "minor_gb": 0.009500585496425629,
  "promoted_gb": 0.0015378817915916443,
  "major_gb": 0.002689056098461151,
  "allocated_gb": 0.010651759803295135,
  "minor_collections": 5,
  "major_collections": 0,
  "compactions": 0,
  "top_heap_gb": 0.003662109375,
  "stack_kb": 0.3671875,
  "minor_heap_kb": 8192.0,
  "attributes_table": {
    "num_bindings": 0,
    "num_buckets": 16,
    "max_bucket_length": 0
  }
}