{
  "rtime": 0.02106785774230957,
  "utime": 0.010553,
  "stime": 0.0036500000000000005,
  "cutime": 0.002885,
  "cstime": 0.003745,
  "minor_gb": 0.007160872220993042,
  "promoted_gb": 0.0015837997198104858,
  "major_gb": 0.0016143396496772766,
  "allocated_gb": 0.007191412150859833,
  "minor_collections": 5,
  "major_collections": 0,
  "compactions": 0,
  "top_heap_gb": 0.003662109375,
  "stack_kb": 0.3671875,
  "minor_heap_kb": 8192.0,
  "attributes_table": {
    "num_bindings": 0,
    "num_buckets": 16,
    "max_bucket_length": 0
  }
}