{
  "rtime": 0.02147817611694336,
  "utime": 0.010801000000000002,
  "stime": 0.004010000000000001,
  "cutime": 0.002728,
  "cstime": 0.003575,
  "minor_gb": 0.007192164659500122,
  "promoted_gb": 0.0015837997198104858,
  "major_gb": 0.0016143396496772766,
  "allocated_gb": 0.007222704589366913,
  "minor_collections": 5,
  "major_collections": 0,
  "compactions": 0,
  "top_heap_gb": 0.003662109375,
  "stack_kb": 0.3671875,
  "minor_heap_kb": 8192.0,
  "attributes_table": {
    "num_bindings": 0,
    "num_buckets": 16,
    "max_bucket_length": 0
  }
}