{
  "rtime": 0.021339893341064453,
  "utime": 0.010723,
  "stime": 0.003266,
  "cutime": 0.002639,
  "cstime": 0.003056,
  "minor_gb": 0.007160738110542297,
  "promoted_gb": 0.0015837997198104858,
  "major_gb": 0.0016143396496772766,
  "allocated_gb": 0.007191278040409088,
  "minor_collections": 5,
  "major_collections": 0,
  "compactions": 0,
  "top_heap_gb": 0.003662109375,
  "stack_kb": 0.3671875,
  "minor_heap_kb": 8192.0,
  "attributes_table": {
    "num_bindings": 0,
    "num_buckets": 16,
    "max_bucket_length": 0
  }
}