{
  "rtime": 0.05608010292053223,
  "utime": 0.03672,
  "stime": 0.008238000000000001,
  "cutime": 0.002528,
  "cstime": 0.002963,
  "minor_gb": 0.010146670043468475,
  "promoted_gb": 0.0015837997198104858,
  "major_gb": 0.0031467601656913757,
  "allocated_gb": 0.011709630489349365,
  "minor_collections": 5,
  "major_collections": 0,
  "compactions": 0,
  "top_heap_gb": 0.003662109375,
  "stack_kb": 0.3671875,
  "minor_heap_kb": 8192.0,
  "attributes_table": {
    "num_bindings": 1,
    "num_buckets": 16,
    "max_bucket_length": 1
  }
}