{
  "rtime": 0.40397095680236816,
  "utime": 0.348664,
  "stime": 0.017488,
  "cutime": 0.002868,
  "cstime": 0.003747,
  "minor_gb": 0.5469818189740181,
  "promoted_gb": 0.0053575411438941956,
  "major_gb": 0.0070084258913993835,
  "allocated_gb": 0.5486327037215233,
  "minor_collections": 75,
  "major_collections": 2,
  "compactions": 0,
  "top_heap_gb": 0.00737762451171875,
  "stack_kb": 0.3671875,
  "minor_heap_kb": 8192.0,
  "attributes_table": {
    "num_bindings": 5,
    "num_buckets": 16,
    "max_bucket_length": 2
  }
}