{
  "rtime": 1.6696791648864746,
  "utime": 1.398157,
  "stime": 0.034146,
  "cutime": 0.002645,
  "cstime": 0.003638,
  "minor_gb": 2.519096367061138,
  "promoted_gb": 0.02816774696111679,
  "major_gb": 0.030036821961402893,
  "allocated_gb": 2.5209654420614243,
  "minor_collections": 330,
  "major_collections": 7,
  "compactions": 0,
  "top_heap_gb": 0.019641876220703125,
  "stack_kb": 0.3671875,
  "minor_heap_kb": 8192.0,
  "attributes_table": {
    "num_bindings": 14,
    "num_buckets": 16,
    "max_bucket_length": 2
  }
}