{
  "rtime": 0.08313679695129395,
  "utime": 0.051871,
  "stime": 0.013414,
  "cutime": 0.002888,
  "cstime": 0.003618,
  "minor_gb": 0.022331736981868744,
  "promoted_gb": 0.002701804041862488,
  "major_gb": 0.004308752715587616,
  "allocated_gb": 0.023938685655593872,
  "minor_collections": 7,
  "major_collections": 1,
  "compactions": 0,
  "top_heap_gb": 0.00484466552734375,
  "stack_kb": 0.3671875,
  "minor_heap_kb": 8192.0,
  "attributes_table": {
    "num_bindings": 3,
    "num_buckets": 16,
    "max_bucket_length": 1
  }
}