{
  "rtime": 0.0677189826965332,
  "utime": 0.037874000000000005,
  "stime": 0.007867000000000001,
  "cutime": 0.002348,
  "cstime": 0.003181,
  "minor_gb": 0.01014862209558487,
  "promoted_gb": 0.0015837997198104858,
  "major_gb": 0.0031467676162719727,
  "allocated_gb": 0.011711589992046356,
  "minor_collections": 5,
  "major_collections": 0,
  "compactions": 0,
  "top_heap_gb": 0.003662109375,
  "stack_kb": 0.3671875,
  "minor_heap_kb": 8192.0,
  "attributes_table": {
    "num_bindings": 1,
    "num_buckets": 16,
    "max_bucket_length": 1
  }
}