{
  "rtime": 0.07179808616638184,
  "utime": 0.039168999999999995,
  "stime": 0.008077999999999998,
  "cutime": 0.00239,
  "cstime": 0.003011,
  "minor_gb": 0.011221840977668762,
  "promoted_gb": 0.0015837997198104858,
  "major_gb": 0.003146335482597351,
  "allocated_gb": 0.012784376740455627,
  "minor_collections": 5,
  "major_collections": 0,
  "compactions": 0,
  "top_heap_gb": 0.003662109375,
  "stack_kb": 0.3671875,
  "minor_heap_kb": 8192.0,
  "attributes_table": {
    "num_bindings": 1,
    "num_buckets": 16,
    "max_bucket_length": 1
  }
}