{
  "rtime": 0.08312392234802246,
  "utime": 0.051702,
  "stime": 0.012887999999999998,
  "cutime": 0.002552,
  "cstime": 0.00312,
  "minor_gb": 0.022331692278385162,
  "promoted_gb": 0.0026782825589179993,
  "major_gb": 0.0042852312326431274,
  "allocated_gb": 0.02393864095211029,
  "minor_collections": 6,
  "major_collections": 0,
  "compactions": 0,
  "top_heap_gb": 0.00484466552734375,
  "stack_kb": 0.3671875,
  "minor_heap_kb": 8192.0,
  "attributes_table": {
    "num_bindings": 3,
    "num_buckets": 16,
    "max_bucket_length": 1
  }
}