{
  "rtime": 0.05620098114013672,
  "utime": 0.035748,
  "stime": 0.008376,
  "cutime": 0.002766,
  "cstime": 0.00354,
  "minor_gb": 0.010144844651222229,
  "promoted_gb": 0.0015837997198104858,
  "major_gb": 0.003146730363368988,
  "allocated_gb": 0.011707775294780731,
  "minor_collections": 5,
  "major_collections": 0,
  "compactions": 0,
  "top_heap_gb": 0.003662109375,
  "stack_kb": 0.3671875,
  "minor_heap_kb": 8192.0,
  "attributes_table": {
    "num_bindings": 1,
    "num_buckets": 16,
    "max_bucket_length": 1
  }
}