{
  "rtime": 1.3902380466461182,
  "utime": 1.2433630000000002,
  "stime": 0.034304,
  "cutime": 0.002847,
  "cstime": 0.003986,
  "minor_gb": 2.2040803655982018,
  "promoted_gb": 0.02335181087255478,
  "major_gb": 0.025301240384578705,
  "allocated_gb": 2.2060297951102257,
  "minor_collections": 289,
  "major_collections": 6,
  "compactions": 0,
  "top_heap_gb": 0.017078399658203125,
  "stack_kb": 0.3671875,
  "minor_heap_kb": 8192.0,
  "attributes_table": {
    "num_bindings": 15,
    "num_buckets": 16,
    "max_bucket_length": 3
  }
}