{
  "rtime": 0.026762962341308594,
  "utime": 0.011980000000000001,
  "stime": 0.004374000000000001,
  "cutime": 0.002914,
  "cstime": 0.004257,
  "minor_gb": 0.007160760462284088,
  "promoted_gb": 0.0015837997198104858,
  "major_gb": 0.0016143396496772766,
  "allocated_gb": 0.007191300392150879,
  "minor_collections": 5,
  "major_collections": 0,
  "compactions": 0,
  "top_heap_gb": 0.003662109375,
  "stack_kb": 0.3671875,
  "minor_heap_kb": 8192.0,
  "attributes_table": {
    "num_bindings": 0,
    "num_buckets": 16,
    "max_bucket_length": 0
  }
}