{
  "rtime": 0.06146097183227539,
  "utime": 0.039295,
  "stime": 0.010905,
  "cutime": 0.002688,
  "cstime": 0.003345,
  "minor_gb": 0.01290132850408554,
  "promoted_gb": 0.0015837997198104858,
  "major_gb": 0.0031326040625572205,
  "allocated_gb": 0.014450132846832275,
  "minor_collections": 5,
  "major_collections": 0,
  "compactions": 0,
  "top_heap_gb": 0.003662109375,
  "stack_kb": 0.3671875,
  "minor_heap_kb": 8192.0,
  "attributes_table": {
    "num_bindings": 2,
    "num_buckets": 16,
    "max_bucket_length": 1
  }
}