{
  "rtime": 0.06341409683227539,
  "utime": 0.037764000000000006,
  "stime": 0.007762999999999999,
  "cutime": 0.002761,
  "cstime": 0.003273,
  "minor_gb": 0.01014862209558487,
  "promoted_gb": 0.0015837997198104858,
  "major_gb": 0.003132149577140808,
  "allocated_gb": 0.011696971952915192,
  "minor_collections": 5,
  "major_collections": 0,
  "compactions": 0,
  "top_heap_gb": 0.003662109375,
  "stack_kb": 0.3671875,
  "minor_heap_kb": 8192.0,
  "attributes_table": {
    "num_bindings": 1,
    "num_buckets": 16,
    "max_bucket_length": 1
  }
}