{
  "rtime": 1.404930830001831,
  "utime": 1.277269,
  "stime": 0.032841,
  "cutime": 0.002834,
  "cstime": 0.003678,
  "minor_gb": 2.204080380499363,
  "promoted_gb": 0.02335181087255478,
  "major_gb": 0.025301240384578705,
  "allocated_gb": 2.206029810011387,
  "minor_collections": 289,
  "major_collections": 6,
  "compactions": 0,
  "top_heap_gb": 0.017078399658203125,
  "stack_kb": 0.3671875,
  "minor_heap_kb": 8192.0,
  "attributes_table": {
    "num_bindings": 15,
    "num_buckets": 16,
    "max_bucket_length": 3
  }
}