{
  "rtime": 0.059281110763549805,
  "utime": 0.038314,
  "stime": 0.008841,
  "cutime": 0.003239,
  "cstime": 0.005792,
  "minor_gb": 0.010143809020519257,
  "promoted_gb": 0.0015837997198104858,
  "major_gb": 0.003146715462207794,
  "allocated_gb": 0.011706724762916565,
  "minor_collections": 5,
  "major_collections": 0,
  "compactions": 0,
  "top_heap_gb": 0.003662109375,
  "stack_kb": 0.3671875,
  "minor_heap_kb": 8192.0,
  "attributes_table": {
    "num_bindings": 1,
    "num_buckets": 16,
    "max_bucket_length": 1
  }
}