{
  "rtime": 0.054405927658081055,
  "utime": 0.03711,
  "stime": 0.008448999999999998,
  "cutime": 0.002696,
  "cstime": 0.003703,
  "minor_gb": 0.010145694017410278,
  "promoted_gb": 0.0015837997198104858,
  "major_gb": 0.003146745264530182,
  "allocated_gb": 0.011708639562129974,
  "minor_collections": 5,
  "major_collections": 0,
  "compactions": 0,
  "top_heap_gb": 0.003662109375,
  "stack_kb": 0.3671875,
  "minor_heap_kb": 8192.0,
  "attributes_table": {
    "num_bindings": 1,
    "num_buckets": 16,
    "max_bucket_length": 1
  }
}