{
  "rtime": 0.051895856857299805,
  "utime": 0.035726999999999995,
  "stime": 0.008536999999999999,
  "cutime": 0.002549,
  "cstime": 0.002964,
  "minor_gb": 0.010144732892513275,
  "promoted_gb": 0.0015837997198104858,
  "major_gb": 0.0031321123242378235,
  "allocated_gb": 0.011693045496940613,
  "minor_collections": 5,
  "major_collections": 0,
  "compactions": 0,
  "top_heap_gb": 0.003662109375,
  "stack_kb": 0.3671875,
  "minor_heap_kb": 8192.0,
  "attributes_table": {
    "num_bindings": 1,
    "num_buckets": 16,
    "max_bucket_length": 1
  }
}