{
  "rtime": 0.06035494804382324,
  "utime": 0.038069000000000006,
  "stime": 0.009758999999999999,
  "cutime": 0.002931,
  "cstime": 0.003686,
  "minor_gb": 0.010144740343093872,
  "promoted_gb": 0.0015837997198104858,
  "major_gb": 0.0031321123242378235,
  "allocated_gb": 0.01169305294752121,
  "minor_collections": 5,
  "major_collections": 0,
  "compactions": 0,
  "top_heap_gb": 0.003662109375,
  "stack_kb": 0.3671875,
  "minor_heap_kb": 8192.0,
  "attributes_table": {
    "num_bindings": 1,
    "num_buckets": 16,
    "max_bucket_length": 1
  }
}