{
  "rtime": 0.06225895881652832,
  "utime": 0.040427000000000005,
  "stime": 0.009377,
  "cutime": 0.002661,
  "cstime": 0.00298,
  "minor_gb": 0.011120758950710297,
  "promoted_gb": 0.0015837997198104858,
  "major_gb": 0.0031498372554779053,
  "allocated_gb": 0.012686796486377716,
  "minor_collections": 5,
  "major_collections": 0,
  "compactions": 0,
  "top_heap_gb": 0.003662109375,
  "stack_kb": 0.3671875,
  "minor_heap_kb": 8192.0,
  "attributes_table": {
    "num_bindings": 2,
    "num_buckets": 16,
    "max_bucket_length": 1
  }
}