{
  "rtime": 0.06426811218261719,
  "utime": 0.038257,
  "stime": 0.008143999999999998,
  "cutime": 0.002792,
  "cstime": 0.003587,
  "minor_gb": 0.010144740343093872,
  "promoted_gb": 0.0015837997198104858,
  "major_gb": 0.003146730363368988,
  "allocated_gb": 0.011707670986652374,
  "minor_collections": 5,
  "major_collections": 0,
  "compactions": 0,
  "top_heap_gb": 0.003662109375,
  "stack_kb": 0.3671875,
  "minor_heap_kb": 8192.0,
  "attributes_table": {
    "num_bindings": 1,
    "num_buckets": 16,
    "max_bucket_length": 1
  }
}