{
  "rtime": 0.02412700653076172,
  "utime": 0.011136000000000002,
  "stime": 0.0036460000000000017,
  "cutime": 0.002841,
  "cstime": 0.003704,
  "minor_gb": 0.007192164659500122,
  "promoted_gb": 0.0015837997198104858,
  "major_gb": 0.0016143396496772766,
  "allocated_gb": 0.007222704589366913,
  "minor_collections": 5,
  "major_collections": 0,
  "compactions": 0,
  "top_heap_gb": 0.003662109375,
  "stack_kb": 0.3671875,
  "minor_heap_kb": 8192.0,
  "attributes_table": {
    "num_bindings": 0,
    "num_buckets": 16,
    "max_bucket_length": 0
  }
}