{
  "rtime": 0.026389122009277344,
  "utime": 0.011209,
  "stime": 0.004092,
  "cutime": 0.002781,
  "cstime": 0.003651,
  "minor_gb": 0.0071607232093811035,
  "promoted_gb": 0.0015837997198104858,
  "major_gb": 0.0016143396496772766,
  "allocated_gb": 0.007191263139247894,
  "minor_collections": 5,
  "major_collections": 0,
  "compactions": 0,
  "top_heap_gb": 0.003662109375,
  "stack_kb": 0.3671875,
  "minor_heap_kb": 8192.0,
  "attributes_table": {
    "num_bindings": 0,
    "num_buckets": 16,
    "max_bucket_length": 0
  }
}