{
  "rtime": 0.051687002182006836,
  "utime": 0.033896,
  "stime": 0.008323000000000001,
  "cutime": 0.002971,
  "cstime": 0.003747,
  "minor_gb": 0.010145694017410278,
  "promoted_gb": 0.0015837997198104858,
  "major_gb": 0.0031321272253990173,
  "allocated_gb": 0.01169402152299881,
  "minor_collections": 5,
  "major_collections": 0,
  "compactions": 0,
  "top_heap_gb": 0.003662109375,
  "stack_kb": 0.3671875,
  "minor_heap_kb": 8192.0,
  "attributes_table": {
    "num_bindings": 1,
    "num_buckets": 16,
    "max_bucket_length": 1
  }
}