{
  "rtime": 0.06112504005432129,
  "utime": 0.036643999999999996,
  "stime": 0.009639000000000002,
  "cutime": 0.002819,
  "cstime": 0.003407,
  "minor_gb": 0.011221826076507568,
  "promoted_gb": 0.0015837997198104858,
  "major_gb": 0.003146335482597351,
  "allocated_gb": 0.012784361839294434,
  "minor_collections": 5,
  "major_collections": 0,
  "compactions": 0,
  "top_heap_gb": 0.003662109375,
  "stack_kb": 0.3671875,
  "minor_heap_kb": 8192.0,
  "attributes_table": {
    "num_bindings": 1,
    "num_buckets": 16,
    "max_bucket_length": 1
  }
}