{
  "rtime": 0.058624982833862305,
  "utime": 0.039179000000000005,
  "stime": 0.008922999999999999,
  "cutime": 0.002793,
  "cstime": 0.003854,
  "minor_gb": 0.010143809020519257,
  "promoted_gb": 0.0015837997198104858,
  "major_gb": 0.0031320974230766296,
  "allocated_gb": 0.0116921067237854,
  "minor_collections": 5,
  "major_collections": 0,
  "compactions": 0,
  "top_heap_gb": 0.003662109375,
  "stack_kb": 0.3671875,
  "minor_heap_kb": 8192.0,
  "attributes_table": {
    "num_bindings": 1,
    "num_buckets": 16,
    "max_bucket_length": 1
  }
}