{
  "rtime": 0.05374503135681152,
  "utime": 0.035529000000000005,
  "stime": 0.007784000000000001,
  "cutime": 0.002624,
  "cstime": 0.003394,
  "minor_gb": 0.010144464671611786,
  "promoted_gb": 0.0015837997198104858,
  "major_gb": 0.003146730363368988,
  "allocated_gb": 0.011707395315170288,
  "minor_collections": 5,
  "major_collections": 0,
  "compactions": 0,
  "top_heap_gb": 0.003662109375,
  "stack_kb": 0.3671875,
  "minor_heap_kb": 8192.0,
  "attributes_table": {
    "num_bindings": 1,
    "num_buckets": 16,
    "max_bucket_length": 1
  }
}