{
  "rtime": {
    "sum": 46.84112477302551,
    "avg": 1.8015817220394428,
    "min": 0.9889988899230957,
    "p10": 1.779516577720642,
    "median": 1.8317395448684692,
    "p75": 1.8832199573516846,
    "max": 1.885796070098877,
    "count": 26
  },
  "utime": {
    "sum": 10.359294999999998,
    "avg": 0.398434423076923,
    "min": 0.240466,
    "p10": 0.393682,
    "median": 0.395289,
    "p75": 0.4158725,
    "max": 0.416715,
    "count": 26
  },
  "stime": {
    "sum": 1.7045629999999998,
    "avg": 0.06556011538461538,
    "min": 0.026049000000000003,
    "p10": 0.065344,
    "median": 0.0668855,
    "p75": 0.06813250000000001,
    "max": 0.06962700000000001,
    "count": 26
  },
  "cutime": {
    "sum": 80.54524800000003,
    "avg": 3.097894153846155,
    "min": 1.3420830000000001,
    "p10": 3.105321,
    "median": 3.165711,
    "p75": 3.226101,
    "max": 3.226101,
    "count": 26
  },
  "cstime": {
    "sum": 4.457590000000001,
    "avg": 0.17144576923076926,
    "min": 0.09819799999999999,
    "p10": 0.168548,
    "median": 0.168548,
    "p75": 0.180689,
    "max": 0.180689,
    "count": 26
  },
  "minor_gb": {
    "sum": 3.233069784939289,
    "avg": 0.12434883788228035,
    "min": 0.042757533490657806,
    "p10": 0.11986342817544937,
    "median": 0.12069367617368698,
    "p75": 0.13551262393593788,
    "max": 0.13613586872816086,
    "count": 26
  },
  "promoted_gb": {
    "sum": 0.47192467749118805,
    "avg": 0.018150949134276465,
    "min": 0.012165375053882599,
    "p10": 0.01741904765367508,
    "median": 0.01741904765367508,
    "p75": 0.019442640244960785,
    "max": 0.019442640244960785,
    "count": 26
  },
  "major_gb": {
    "sum": 0.5421449020504951,
    "avg": 0.02085172700194212,
    "min": 0.014857612550258636,
    "p10": 0.020755067467689514,
    "median": 0.020755067467689514,
    "p75": 0.021455951035022736,
    "max": 0.021455951035022736,
    "count": 26
  },
  "allocated_gb": {
    "sum": 3.303290009498596,
    "avg": 0.127049615749946,
    "min": 0.045449770987033844,
    "p10": 0.1231994479894638,
    "median": 0.12402969598770142,
    "p75": 0.13752593472599983,
    "max": 0.1381491795182228,
    "count": 26
  },
  "minor_collections": {
    "sum": 672.0,
    "avg": 25.846153846153847,
    "min": 10.0,
    "p10": 26.0,
    "median": 26.0,
    "p75": 27.0,
    "max": 27.0,
    "count": 26
  },
  "major_collections": {
    "sum": 63.0,
    "avg": 2.423076923076923,
    "min": 1.0,
    "p10": 2.0,
    "median": 2.0,
    "p75": 3.0,
    "max": 3.0,
    "count": 26
  },
  "compactions": {
    "sum": 0.0,
    "avg": 0.0,
    "min": 0.0,
    "p10": 0.0,
    "median": 0.0,
    "p75": 0.0,
    "max": 0.0,
    "count": 26
  },
  "top_heap_gb": {
    "sum": 0.5142478942871094,
    "avg": 0.01977876516488882,
    "min": 0.01645660400390625,
    "p10": 0.019641876220703125,
    "median": 0.019901275634765625,
    "p75": 0.020160675048828125,
    "max": 0.020160675048828125,
    "count": 26
  },
  "stack_kb": {
    "sum": 9.546875,
    "avg": 0.3671875,
    "min": 0.3671875,
    "p10": 0.3671875,
    "median": 0.3671875,
    "p75": 0.3671875,
    "max": 0.3671875,
    "count": 26
  },
  "minor_heap_kb": {
    "sum": 212992.0,
    "avg": 8192.0,
    "min": 8192.0,
    "p10": 8192.0,
    "median": 8192.0,
    "p75": 8192.0,
    "max": 8192.0,
    "count": 26
  },
  "attributes_table": {
    "num_bindings": {
      "sum": 0.0,
      "avg": 0.0,
      "min": 0.0,
      "p10": 0.0,
      "median": 0.0,
      "p75": 0.0,
      "max": 0.0,
      "count": 26
    },
    "num_buckets": {
      "sum": 416.0,
      "avg": 16.0,
      "min": 16.0,
      "p10": 16.0,
      "median": 16.0,
      "p75": 16.0,
      "max": 16.0,
      "count": 26
    },
    "max_bucket_length": {
      "sum": 0.0,
      "avg": 0.0,
      "min": 0.0,
      "p10": 0.0,
      "median": 0.0,
      "p75": 0.0,
      "max": 0.0,
      "count": 26
    }
  }
}