{
  "rtime": {
    "sum": 43.73241305351257,
    "avg": 1.6820158866735606,
    "min": 1.0571849346160889,
    "p10": 1.6881029605865479,
    "median": 1.6910120248794556,
    "p75": 1.726145625114441,
    "max": 1.7280759811401367,
    "count": 26
  },
  "utime": {
    "sum": 8.575441999999999,
    "avg": 0.3298246923076923,
    "min": 0.23090300000000002,
    "p10": 0.312697,
    "median": 0.3139595,
    "p75": 0.35593149999999996,
    "max": 0.356707,
    "count": 26
  },
  "stime": {
    "sum": 1.4721099999999998,
    "avg": 0.05661961538461538,
    "min": 0.022639,
    "p10": 0.0526605,
    "median": 0.0541715,
    "p75": 0.0628485,
    "max": 0.06397,
    "count": 26
  },
  "cutime": {
    "sum": 77.29078399999999,
    "avg": 2.972722461538461,
    "min": 1.433502,
    "p10": 2.922198,
    "median": 3.02998,
    "p75": 3.137762,
    "max": 3.137762,
    "count": 26
  },
  "cstime": {
    "sum": 4.016756999999999,
    "avg": 0.15449065384615382,
    "min": 0.108953,
    "p10": 0.156295,
    "median": 0.1563115,
    "p75": 0.156328,
    "max": 0.156328,
    "count": 26
  },
  "minor_gb": {
    "sum": 3.233071982860565,
    "avg": 0.12434892241771404,
    "min": 0.042757533490657806,
    "p10": 0.11986302211880684,
    "median": 0.12069067358970642,
    "p75": 0.13551466912031174,
    "max": 0.1361372023820877,
    "count": 26
  },
  "promoted_gb": {
    "sum": 0.47192467749118805,
    "avg": 0.018150949134276465,
    "min": 0.012165375053882599,
    "p10": 0.01741904765367508,
    "median": 0.01741904765367508,
    "p75": 0.019442640244960785,
    "max": 0.019442640244960785,
    "count": 26
  },
  "major_gb": {
    "sum": 0.5421449020504951,
    "avg": 0.02085172700194212,
    "min": 0.014857612550258636,
    "p10": 0.020755067467689514,
    "median": 0.020755067467689514,
    "p75": 0.021455951035022736,
    "max": 0.021455951035022736,
    "count": 26
  },
  "allocated_gb": {
    "sum": 3.3032922074198723,
    "avg": 0.1270497002853797,
    "min": 0.045449770987033844,
    "p10": 0.12319904193282127,
    "median": 0.12402669340372086,
    "p75": 0.1375279799103737,
    "max": 0.13815051317214966,
    "count": 26
  },
  "minor_collections": {
    "sum": 672.0,
    "avg": 25.846153846153847,
    "min": 10.0,
    "p10": 26.0,
    "median": 26.0,
    "p75": 27.0,
    "max": 27.0,
    "count": 26
  },
  "major_collections": {
    "sum": 63.0,
    "avg": 2.423076923076923,
    "min": 1.0,
    "p10": 2.0,
    "median": 2.0,
    "p75": 3.0,
    "max": 3.0,
    "count": 26
  },
  "compactions": {
    "sum": 0.0,
    "avg": 0.0,
    "min": 0.0,
    "p10": 0.0,
    "median": 0.0,
    "p75": 0.0,
    "max": 0.0,
    "count": 26
  },
  "top_heap_gb": {
    "sum": 0.5142478942871094,
    "avg": 0.01977876516488882,
    "min": 0.01645660400390625,
    "p10": 0.019641876220703125,
    "median": 0.019901275634765625,
    "p75": 0.020160675048828125,
    "max": 0.020160675048828125,
    "count": 26
  },
  "stack_kb": {
    "sum": 9.546875,
    "avg": 0.3671875,
    "min": 0.3671875,
    "p10": 0.3671875,
    "median": 0.3671875,
    "p75": 0.3671875,
    "max": 0.3671875,
    "count": 26
  },
  "minor_heap_kb": {
    "sum": 212992.0,
    "avg": 8192.0,
    "min": 8192.0,
    "p10": 8192.0,
    "median": 8192.0,
    "p75": 8192.0,
    "max": 8192.0,
    "count": 26
  },
  "attributes_table": {
    "num_bindings": {
      "sum": 0.0,
      "avg": 0.0,
      "min": 0.0,
      "p10": 0.0,
      "median": 0.0,
      "p75": 0.0,
      "max": 0.0,
      "count": 26
    },
    "num_buckets": {
      "sum": 416.0,
      "avg": 16.0,
      "min": 16.0,
      "p10": 16.0,
      "median": 16.0,
      "p75": 16.0,
      "max": 16.0,
      "count": 26
    },
    "max_bucket_length": {
      "sum": 0.0,
      "avg": 0.0,
      "min": 0.0,
      "p10": 0.0,
      "median": 0.0,
      "p75": 0.0,
      "max": 0.0,
      "count": 26
    }
  }
}