{
  "rtime": 1.8815550804138184,
  "utime": 0.39360399999999995,
  "stime": 0.06721000000000001,
  "cutime": 3.226101,
  "cstime": 0.168548,
  "minor_gb": 0.11982174962759018,
  "promoted_gb": 0.01741904765367508,
  "major_gb": 0.020755067467689514,
  "allocated_gb": 0.12315776944160461,
  "minor_collections": 26,
  "major_collections": 2,
  "compactions": 0,
  "top_heap_gb": 0.020160675048828125,
  "stack_kb": 0.3671875,
  "minor_heap_kb": 8192.0,
  "attributes_table": {
    "num_bindings": 0,
    "num_buckets": 16,
    "max_bucket_length": 0
  }
}