{
  "rtime": 1.7802650928497314,
  "utime": 0.415821,
  "stime": 0.06573799999999999,
  "cutime": 3.105321,
  "cstime": 0.180689,
  "minor_gb": 0.1354711428284645,
  "promoted_gb": 0.019442640244960785,
  "major_gb": 0.021455951035022736,
  "allocated_gb": 0.13748445361852646,
  "minor_collections": 27,
  "major_collections": 3,
  "compactions": 0,
  "top_heap_gb": 0.019641876220703125,
  "stack_kb": 0.3671875,
  "minor_heap_kb": 8192.0,
  "attributes_table": {
    "num_bindings": 0,
    "num_buckets": 16,
    "max_bucket_length": 0
  }
}