{
  "rtime": 1.8841750621795654,
  "utime": 0.39470299999999997,
  "stime": 0.06866900000000001,
  "cutime": 3.226101,
  "cstime": 0.168548,
  "minor_gb": 0.12040276825428009,
  "promoted_gb": 0.01741904765367508,
  "major_gb": 0.020755067467689514,
  "allocated_gb": 0.12373878806829453,
  "minor_collections": 26,
  "major_collections": 2,
  "compactions": 0,
  "top_heap_gb": 0.020160675048828125,
  "stack_kb": 0.3671875,
  "minor_heap_kb": 8192.0,
  "attributes_table": {
    "num_bindings": 0,
    "num_buckets": 16,
    "max_bucket_length": 0
  }
}