{
  "rtime": 1.7252211570739746,
  "utime": 0.355522,
  "stime": 0.062337,
  "cutime": 2.922198,
  "cstime": 0.156295,
  "minor_gb": 0.13522354513406754,
  "promoted_gb": 0.019442640244960785,
  "major_gb": 0.021455951035022736,
  "allocated_gb": 0.13723685592412949,
  "minor_collections": 27,
  "major_collections": 3,
  "compactions": 0,
  "top_heap_gb": 0.019641876220703125,
  "stack_kb": 0.3671875,
  "minor_heap_kb": 8192.0,
  "attributes_table": {
    "num_bindings": 0,
    "num_buckets": 16,
    "max_bucket_length": 0
  }
}