{
  "rtime": 1.7205801010131836,
  "utime": 0.35534299999999996,
  "stime": 0.061847000000000006,
  "cutime": 2.922198,
  "cstime": 0.156295,
  "minor_gb": 0.13513941317796707,
  "promoted_gb": 0.019442640244960785,
  "major_gb": 0.021455951035022736,
  "allocated_gb": 0.13715272396802902,
  "minor_collections": 27,
  "major_collections": 3,
  "compactions": 0,
  "top_heap_gb": 0.019641876220703125,
  "stack_kb": 0.3671875,
  "minor_heap_kb": 8192.0,
  "attributes_table": {
    "num_bindings": 0,
    "num_buckets": 16,
    "max_bucket_length": 0
  }
}