{
  "rtime": 1.6876640319824219,
  "utime": 0.312491,
  "stime": 0.052442,
  "cutime": 3.137762,
  "cstime": 0.156328,
  "minor_gb": 0.11973920464515686,
  "promoted_gb": 0.01741904765367508,
  "major_gb": 0.020755067467689514,
  "allocated_gb": 0.1230752244591713,
  "minor_collections": 26,
  "major_collections": 2,
  "compactions": 0,
  "top_heap_gb": 0.020160675048828125,
  "stack_kb": 0.3671875,
  "minor_heap_kb": 8192.0,
  "attributes_table": {
    "num_bindings": 0,
    "num_buckets": 16,
    "max_bucket_length": 0
  }
}