{
  "rtime": 1.7260301113128662,
  "utime": 0.35587799999999997,
  "stime": 0.06278700000000001,
  "cutime": 2.922198,
  "cstime": 0.156295,
  "minor_gb": 0.13547279685735703,
  "promoted_gb": 0.019442640244960785,
  "major_gb": 0.021455951035022736,
  "allocated_gb": 0.13748610764741898,
  "minor_collections": 27,
  "major_collections": 3,
  "compactions": 0,
  "top_heap_gb": 0.019641876220703125,
  "stack_kb": 0.3671875,
  "minor_heap_kb": 8192.0,
  "attributes_table": {
    "num_bindings": 0,
    "num_buckets": 16,
    "max_bucket_length": 0
  }
}