{
  "rtime": 1.881174087524414,
  "utime": 0.393416,
  "stime": 0.06701800000000001,
  "cutime": 3.226101,
  "cstime": 0.168548,
  "minor_gb": 0.11973917484283447,
  "promoted_gb": 0.01741904765367508,
  "major_gb": 0.020755067467689514,
  "allocated_gb": 0.12307519465684891,
  "minor_collections": 26,
  "major_collections": 2,
  "compactions": 0,
  "top_heap_gb": 0.020160675048828125,
  "stack_kb": 0.3671875,
  "minor_heap_kb": 8192.0,
  "attributes_table": {
    "num_bindings": 0,
    "num_buckets": 16,
    "max_bucket_length": 0
  }
}