{
  "rtime": 1.727632999420166,
  "utime": 0.356508,
  "stime": 0.063726,
  "cutime": 2.922198,
  "cstime": 0.156295,
  "minor_gb": 0.1359712854027748,
  "promoted_gb": 0.019442640244960785,
  "major_gb": 0.021455951035022736,
  "allocated_gb": 0.13798459619283676,
  "minor_collections": 27,
  "major_collections": 3,
  "compactions": 0,
  "top_heap_gb": 0.019641876220703125,
  "stack_kb": 0.3671875,
  "minor_heap_kb": 8192.0,
  "attributes_table": {
    "num_bindings": 0,
    "num_buckets": 16,
    "max_bucket_length": 0
  }
}