{
  "rtime": 1.8818888664245605,
  "utime": 0.39376,
  "stime": 0.067388,
  "cutime": 3.226101,
  "cstime": 0.168548,
  "minor_gb": 0.11990510672330856,
  "promoted_gb": 0.01741904765367508,
  "major_gb": 0.020755067467689514,
  "allocated_gb": 0.123241126537323,
  "minor_collections": 26,
  "major_collections": 2,
  "compactions": 0,
  "top_heap_gb": 0.020160675048828125,
  "stack_kb": 0.3671875,
  "minor_heap_kb": 8192.0,
  "attributes_table": {
    "num_bindings": 0,
    "num_buckets": 16,
    "max_bucket_length": 0
  }
}