{
  "rtime": 1.6900451183319092,
  "utime": 0.313489,
  "stime": 0.053678000000000003,
  "cutime": 3.137762,
  "cstime": 0.156328,
  "minor_gb": 0.12040074914693832,
  "promoted_gb": 0.01741904765367508,
  "major_gb": 0.020755067467689514,
  "allocated_gb": 0.12373676896095276,
  "minor_collections": 26,
  "major_collections": 2,
  "compactions": 0,
  "top_heap_gb": 0.020160675048828125,
  "stack_kb": 0.3671875,
  "minor_heap_kb": 8192.0,
  "attributes_table": {
    "num_bindings": 0,
    "num_buckets": 16,
    "max_bucket_length": 0
  }
}