{
  "rtime": 1.0571849346160889,
  "utime": 0.23090300000000002,
  "stime": 0.022639,
  "cutime": 1.433502,
  "cstime": 0.108953,
  "minor_gb": 0.042757533490657806,
  "promoted_gb": 0.012165375053882599,
  "major_gb": 0.014857612550258636,
  "allocated_gb": 0.045449770987033844,
  "minor_collections": 10,
  "major_collections": 1,
  "compactions": 0,
  "top_heap_gb": 0.01645660400390625,
  "stack_kb": 0.3671875,
  "minor_heap_kb": 8192.0,
  "attributes_table": {
    "num_bindings": 0,
    "num_buckets": 16,
    "max_bucket_length": 0
  }
}