{
  "rtime": {
    "sum": 5.805363416671753,
    "avg": 0.2150134598767316,
    "min": 0.02146291732788086,
    "p10": 0.022843003273010254,
    "median": 0.05821990966796875,
    "p75": 0.08648443222045898,
    "max": 1.7161550521850586,
    "count": 27
  },
  "utime": {
    "sum": 4.011087,
    "avg": 0.14855877777777776,
    "min": 0.010313,
    "p10": 0.0110235,
    "median": 0.037311,
    "p75": 0.039358500000000005,
    "max": 1.470325,
    "count": 27
  },
  "stime": {
    "sum": 0.267072,
    "avg": 0.009891555555555554,
    "min": 0.002529,
    "p10": 0.0037654999999999998,
    "median": 0.008104999999999999,
    "p75": 0.0094705,
    "max": 0.037151,
    "count": 27
  },
  "cutime": {
    "sum": 1.5067509999999995,
    "avg": 0.05580559259259257,
    "min": 0.002537,
    "p10": 0.0025884999999999997,
    "median": 0.002829,
    "p75": 0.002908,
    "max": 1.433502,
    "count": 27
  },
  "cstime": {
    "sum": 0.209004,
    "avg": 0.007740888888888888,
    "min": 0.00316,
    "p10": 0.0034545,
    "median": 0.003727,
    "p75": 0.0040405,
    "max": 0.108953,
    "count": 27
  },
  "minor_gb": {
    "sum": 5.528050132095814,
    "avg": 0.20474259748503013,
    "min": 0.007161647081375122,
    "p10": 0.00716177374124527,
    "median": 0.010145768523216248,
    "p75": 0.010636769235134125,
    "max": 2.5191018134355545,
    "count": 27
  },
  "promoted_gb": {
    "sum": 0.10660899430513382,
    "avg": 0.003948481270560512,
    "min": 0.0015831142663955688,
    "p10": 0.0015831142663955688,
    "median": 0.0015831142663955688,
    "p75": 0.0015831142663955688,
    "max": 0.028065286576747894,
    "count": 27
  },
  "major_gb": {
    "sum": 0.13391831517219543,
    "avg": 0.004959937598970201,
    "min": 0.0016136541962623596,
    "p10": 0.0016136541962623596,
    "median": 0.003146044909954071,
    "p75": 0.003146078437566757,
    "max": 0.029934361577033997,
    "count": 27
  },
  "allocated_gb": {
    "sum": 5.555359452962875,
    "avg": 0.20575405381343984,
    "min": 0.007192187011241913,
    "p10": 0.0071923136711120605,
    "median": 0.01170869916677475,
    "p75": 0.012201271951198578,
    "max": 2.5209708884358406,
    "count": 27
  },
  "minor_collections": {
    "sum": 820.0,
    "avg": 30.37037037037037,
    "min": 5.0,
    "p10": 5.0,
    "median": 5.0,
    "p75": 5.0,
    "max": 330.0,
    "count": 27
  },
  "major_collections": {
    "sum": 16.0,
    "avg": 0.5925925925925926,
    "min": 0.0,
    "p10": 0.0,
    "median": 0.0,
    "p75": 0.0,
    "max": 7.0,
    "count": 27
  },
  "compactions": {
    "sum": 0.0,
    "avg": 0.0,
    "min": 0.0,
    "p10": 0.0,
    "median": 0.0,
    "p75": 0.0,
    "max": 0.0,
    "count": 27
  },
  "top_heap_gb": {
    "sum": 0.145965576171875,
    "avg": 0.005406132450810185,
    "min": 0.003662109375,
    "p10": 0.003662109375,
    "median": 0.003662109375,
    "p75": 0.003662109375,
    "max": 0.019641876220703125,
    "count": 27
  },
  "stack_kb": {
    "sum": 9.9140625,
    "avg": 0.3671875,
    "min": 0.3671875,
    "p10": 0.3671875,
    "median": 0.3671875,
    "p75": 0.3671875,
    "max": 0.3671875,
    "count": 27
  },
  "minor_heap_kb": {
    "sum": 221184.0,
    "avg": 8192.0,
    "min": 8192.0,
    "p10": 8192.0,
    "median": 8192.0,
    "p75": 8192.0,
    "max": 8192.0,
    "count": 27
  },
  "attributes_table": {
    "num_bindings": {
      "sum": 49.0,
      "avg": 1.8148148148148149,
      "min": 0.0,
      "p10": 0.0,
      "median": 1.0,
      "p75": 1.0,
      "max": 15.0,
      "count": 27
    },
    "num_buckets": {
      "sum": 432.0,
      "avg": 16.0,
      "min": 16.0,
      "p10": 16.0,
      "median": 16.0,
      "p75": 16.0,
      "max": 16.0,
      "count": 27
    },
    "max_bucket_length": {
      "sum": 19.0,
      "avg": 0.7037037037037037,
      "min": 0.0,
      "p10": 0.0,
      "median": 1.0,
      "p75": 1.0,
      "max": 3.0,
      "count": 27
    }
  }
}