{
  "rtime": {
    "sum": 6.128965854644775,
    "avg": 0.2269987353572139,
    "min": 0.022085905075073242,
    "p10": 0.024103403091430664,
    "median": 0.060769081115722656,
    "p75": 0.06625151634216309,
    "max": 1.935225009918213,
    "count": 27
  },
  "utime": {
    "sum": 4.409326999999999,
    "avg": 0.16330840740740737,
    "min": 0.010814,
    "p10": 0.0114265,
    "median": 0.037698999999999996,
    "p75": 0.039199,
    "max": 1.6728629999999998,
    "count": 27
  },
  "stime": {
    "sum": 0.290276,
    "avg": 0.010750962962962962,
    "min": 0.0035200000000000006,
    "p10": 0.004019,
    "median": 0.0077540000000000005,
    "p75": 0.009193,
    "max": 0.045054000000000004,
    "count": 27
  },
  "cutime": {
    "sum": 1.417732,
    "avg": 0.05250859259259259,
    "min": 0.002563,
    "p10": 0.002665,
    "median": 0.002893,
    "p75": 0.003065,
    "max": 1.3420830000000001,
    "count": 27
  },
  "cstime": {
    "sum": 0.20246499999999998,
    "avg": 0.007498703703703703,
    "min": 0.003264,
    "p10": 0.0033299999999999996,
    "median": 0.004031,
    "p75": 0.004377,
    "max": 0.09819799999999999,
    "count": 27
  },
  "minor_gb": {
    "sum": 5.528050787746906,
    "avg": 0.20474262176840394,
    "min": 0.007161647081375122,
    "p10": 0.00716177374124527,
    "median": 0.010145768523216248,
    "p75": 0.010636769235134125,
    "max": 2.5191018134355545,
    "count": 27
  },
  "promoted_gb": {
    "sum": 0.10660337656736374,
    "avg": 0.003948273206198657,
    "min": 0.0015831142663955688,
    "p10": 0.0015831142663955688,
    "median": 0.0015831142663955688,
    "p75": 0.0015831142663955688,
    "max": 0.028065286576747894,
    "count": 27
  },
  "major_gb": {
    "sum": 0.13391269743442535,
    "avg": 0.004959729534608347,
    "min": 0.0016136541962623596,
    "p10": 0.0016136541962623596,
    "median": 0.003146044909954071,
    "p75": 0.003146078437566757,
    "max": 0.029934361577033997,
    "count": 27
  },
  "allocated_gb": {
    "sum": 5.555360108613968,
    "avg": 0.20575407809681362,
    "min": 0.007192187011241913,
    "p10": 0.0071923136711120605,
    "median": 0.01170869916677475,
    "p75": 0.012201271951198578,
    "max": 2.5209708884358406,
    "count": 27
  },
  "minor_collections": {
    "sum": 820.0,
    "avg": 30.37037037037037,
    "min": 5.0,
    "p10": 5.0,
    "median": 5.0,
    "p75": 5.0,
    "max": 330.0,
    "count": 27
  },
  "major_collections": {
    "sum": 16.0,
    "avg": 0.5925925925925926,
    "min": 0.0,
    "p10": 0.0,
    "median": 0.0,
    "p75": 0.0,
    "max": 7.0,
    "count": 27
  },
  "compactions": {
    "sum": 0.0,
    "avg": 0.0,
    "min": 0.0,
    "p10": 0.0,
    "median": 0.0,
    "p75": 0.0,
    "max": 0.0,
    "count": 27
  },
  "top_heap_gb": {
    "sum": 0.145965576171875,
    "avg": 0.005406132450810185,
    "min": 0.003662109375,
    "p10": 0.003662109375,
    "median": 0.003662109375,
    "p75": 0.003662109375,
    "max": 0.019641876220703125,
    "count": 27
  },
  "stack_kb": {
    "sum": 9.9140625,
    "avg": 0.3671875,
    "min": 0.3671875,
    "p10": 0.3671875,
    "median": 0.3671875,
    "p75": 0.3671875,
    "max": 0.3671875,
    "count": 27
  },
  "minor_heap_kb": {
    "sum": 221184.0,
    "avg": 8192.0,
    "min": 8192.0,
    "p10": 8192.0,
    "median": 8192.0,
    "p75": 8192.0,
    "max": 8192.0,
    "count": 27
  },
  "attributes_table": {
    "num_bindings": {
      "sum": 49.0,
      "avg": 1.8148148148148149,
      "min": 0.0,
      "p10": 0.0,
      "median": 1.0,
      "p75": 1.0,
      "max": 15.0,
      "count": 27
    },
    "num_buckets": {
      "sum": 432.0,
      "avg": 16.0,
      "min": 16.0,
      "p10": 16.0,
      "median": 16.0,
      "p75": 16.0,
      "max": 16.0,
      "count": 27
    },
    "max_bucket_length": {
      "sum": 19.0,
      "avg": 0.7037037037037037,
      "min": 0.0,
      "p10": 0.0,
      "median": 1.0,
      "p75": 1.0,
      "max": 3.0,
      "count": 27
    }
  }
}