{
  "rtime": 1.4769160747528076,
  "utime": 1.3269790000000001,
  "stime": 0.037151,
  "cutime": 0.0028,
  "cstime": 0.003742,
  "minor_gb": 2.2040875777602196,
  "promoted_gb": 0.023514389991760254,
  "major_gb": 0.02546381950378418,
  "allocated_gb": 2.2060370072722435,
  "minor_collections": 289,
  "major_collections": 6,
  "compactions": 0,
  "top_heap_gb": 0.017078399658203125,
  "stack_kb": 0.3671875,
  "minor_heap_kb": 8192.0,
  "attributes_table": {
    "num_bindings": 15,
    "num_buckets": 16,
    "max_bucket_length": 3
  }
}