{
  "rtime": 0.05668210983276367,
  "utime": 0.038889,
  "stime": 0.009382000000000001,
  "cutime": 0.002829,
  "cstime": 0.003725,
  "minor_gb": 0.010145127773284912,
  "promoted_gb": 0.0015831142663955688,
  "major_gb": 0.003146030008792877,
  "allocated_gb": 0.01170804351568222,
  "minor_collections": 5,
  "major_collections": 0,
  "compactions": 0,
  "top_heap_gb": 0.003662109375,
  "stack_kb": 0.3671875,
  "minor_heap_kb": 8192.0,
  "attributes_table": {
    "num_bindings": 1,
    "num_buckets": 16,
    "max_bucket_length": 1
  }
}