{
  "rtime": 0.44190216064453125,
  "utime": 0.397675,
  "stime": 0.019679000000000002,
  "cutime": 0.002889,
  "cstime": 0.004208,
  "minor_gb": 0.5469852164387703,
  "promoted_gb": 0.00535225123167038,
  "major_gb": 0.007003135979175568,
  "allocated_gb": 0.5486361011862755,
  "minor_collections": 75,
  "major_collections": 2,
  "compactions": 0,
  "top_heap_gb": 0.00737762451171875,
  "stack_kb": 0.3671875,
  "minor_heap_kb": 8192.0,
  "attributes_table": {
    "num_bindings": 5,
    "num_buckets": 16,
    "max_bucket_length": 2
  }
}