{
  "rtime": 0.07171821594238281,
  "utime": 0.039807,
  "stime": 0.009416999999999998,
  "cutime": 0.002563,
  "cstime": 0.003264,
  "minor_gb": 0.011123597621917725,
  "promoted_gb": 0.0015831142663955688,
  "major_gb": 0.0031491518020629883,
  "allocated_gb": 0.012689635157585144,
  "minor_collections": 5,
  "major_collections": 0,
  "compactions": 0,
  "top_heap_gb": 0.003662109375,
  "stack_kb": 0.3671875,
  "minor_heap_kb": 8192.0,
  "attributes_table": {
    "num_bindings": 2,
    "num_buckets": 16,
    "max_bucket_length": 1
  }
}