{
  "rtime": 0.05951094627380371,
  "utime": 0.037209000000000006,
  "stime": 0.006824999999999998,
  "cutime": 0.002635,
  "cstime": 0.003562,
  "minor_gb": 0.010145768523216248,
  "promoted_gb": 0.0015831142663955688,
  "major_gb": 0.003146044909954071,
  "allocated_gb": 0.01170869916677475,
  "minor_collections": 5,
  "major_collections": 0,
  "compactions": 0,
  "top_heap_gb": 0.003662109375,
  "stack_kb": 0.3671875,
  "minor_heap_kb": 8192.0,
  "attributes_table": {
    "num_bindings": 1,
    "num_buckets": 16,
    "max_bucket_length": 1
  }
}