{
  "rtime": 0.03827404975891113,
  "utime": 0.011747,
  "stime": 0.004495000000000001,
  "cutime": 0.00307,
  "cstime": 0.005282,
  "minor_gb": 0.007274523377418518,
  "promoted_gb": 0.0015831142663955688,
  "major_gb": 0.001618713140487671,
  "allocated_gb": 0.00731012225151062,
  "minor_collections": 5,
  "major_collections": 0,
  "compactions": 0,
  "top_heap_gb": 0.003662109375,
  "stack_kb": 0.3671875,
  "minor_heap_kb": 8192.0,
  "attributes_table": {
    "num_bindings": 0,
    "num_buckets": 16,
    "max_bucket_length": 0
  }
}