{
  "rtime": 1.7161550521850586,
  "utime": 1.470325,
  "stime": 0.035581,
  "cutime": 0.002903,
  "cstime": 0.003727,
  "minor_gb": 2.5191018134355545,
  "promoted_gb": 0.028065286576747894,
  "major_gb": 0.029934361577033997,
  "allocated_gb": 2.5209708884358406,
  "minor_collections": 330,
  "major_collections": 7,
  "compactions": 0,
  "top_heap_gb": 0.019641876220703125,
  "stack_kb": 0.3671875,
  "minor_heap_kb": 8192.0,
  "attributes_table": {
    "num_bindings": 14,
    "num_buckets": 16,
    "max_bucket_length": 2
  }
}