{
  "rtime": 0.024718046188354492,
  "utime": 0.011469,
  "stime": 0.004272,
  "cutime": 0.002912,
  "cstime": 0.00396,
  "minor_gb": 0.007161781191825867,
  "promoted_gb": 0.0015831142663955688,
  "major_gb": 0.0016136541962623596,
  "allocated_gb": 0.0071923211216926575,
  "minor_collections": 5,
  "major_collections": 0,
  "compactions": 0,
  "top_heap_gb": 0.003662109375,
  "stack_kb": 0.3671875,
  "minor_heap_kb": 8192.0,
  "attributes_table": {
    "num_bindings": 0,
    "num_buckets": 16,
    "max_bucket_length": 0
  }
}