{
  "rtime": 26.39600682258606,
  "utime": 0.017459,
  "stime": 0.059509,
  "cutime": 19.909237,
  "cstime": 2.333495,
  "minor_gb": 0.009598806500434875,
  "promoted_gb": 0.0015372484922409058,
  "major_gb": 0.0027080923318862915,
  "allocated_gb": 0.010769650340080261,
  "minor_collections": 5,
  "major_collections": 0,
  "compactions": 0,
  "top_heap_gb": 0.003662109375,
  "stack_kb": 0.3671875,
  "minor_heap_kb": 8192.0,
  "attributes_table": {
    "num_bindings": 0,
    "num_buckets": 16,
    "max_bucket_length": 0
  }
}