{
  "rtime": 0.026753902435302734,
  "utime": 0.011775999999999998,
  "stime": 0.004624999999999999,
  "cutime": 0.003136,
  "cstime": 0.004302,
  "minor_gb": 0.007161647081375122,
  "promoted_gb": 0.0015831142663955688,
  "major_gb": 0.0016136541962623596,
  "allocated_gb": 0.007192187011241913,
  "minor_collections": 5,
  "major_collections": 0,
  "compactions": 0,
  "top_heap_gb": 0.003662109375,
  "stack_kb": 0.3671875,
  "minor_heap_kb": 8192.0,
  "attributes_table": {
    "num_bindings": 0,
    "num_buckets": 16,
    "max_bucket_length": 0
  }
}