{
  "rtime": 0.43411922454833984,
  "utime": 0.386946,
  "stime": 0.018498,
  "cutime": 0.002839,
  "cstime": 0.003875,
  "minor_gb": 0.5469845980405807,
  "promoted_gb": 0.00535786896944046,
  "major_gb": 0.007008753716945648,
  "allocated_gb": 0.5486354827880859,
  "minor_collections": 75,
  "major_collections": 2,
  "compactions": 0,
  "top_heap_gb": 0.00737762451171875,
  "stack_kb": 0.3671875,
  "minor_heap_kb": 8192.0,
  "attributes_table": {
    "num_bindings": 5,
    "num_buckets": 16,
    "max_bucket_length": 2
  }
}