{
  "rtime": 0.06025195121765137,
  "utime": 0.036791000000000004,
  "stime": 0.008104999999999999,
  "cutime": 0.002754,
  "cstime": 0.003408,
  "minor_gb": 0.01014605164527893,
  "promoted_gb": 0.0015831142663955688,
  "major_gb": 0.003146044909954071,
  "allocated_gb": 0.011708982288837433,
  "minor_collections": 5,
  "major_collections": 0,
  "compactions": 0,
  "top_heap_gb": 0.003662109375,
  "stack_kb": 0.3671875,
  "minor_heap_kb": 8192.0,
  "attributes_table": {
    "num_bindings": 1,
    "num_buckets": 16,
    "max_bucket_length": 1
  }
}