{
  "rtime": 0.022085905075073242,
  "utime": 0.010814,
  "stime": 0.0035200000000000006,
  "cutime": 0.002658,
  "cstime": 0.003452,
  "minor_gb": 0.007162041962146759,
  "promoted_gb": 0.0015831142663955688,
  "major_gb": 0.0016136541962623596,
  "allocated_gb": 0.00719258189201355,
  "minor_collections": 5,
  "major_collections": 0,
  "compactions": 0,
  "top_heap_gb": 0.003662109375,
  "stack_kb": 0.3671875,
  "minor_heap_kb": 8192.0,
  "attributes_table": {
    "num_bindings": 0,
    "num_buckets": 16,
    "max_bucket_length": 0
  }
}