{
  "rtime": 0.06214499473571777,
  "utime": 0.038897999999999995,
  "stime": 0.0077540000000000005,
  "cutime": 0.00303,
  "cstime": 0.004515,
  "minor_gb": 0.01014798879623413,
  "promoted_gb": 0.0015831142663955688,
  "major_gb": 0.0031460747122764587,
  "allocated_gb": 0.01171094924211502,
  "minor_collections": 5,
  "major_collections": 0,
  "compactions": 0,
  "top_heap_gb": 0.003662109375,
  "stack_kb": 0.3671875,
  "minor_heap_kb": 8192.0,
  "attributes_table": {
    "num_bindings": 1,
    "num_buckets": 16,
    "max_bucket_length": 1
  }
}