{
  "rtime": 0.060769081115722656,
  "utime": 0.038015999999999994,
  "stime": 0.008964,
  "cutime": 0.002858,
  "cstime": 0.003873,
  "minor_gb": 0.010147012770175934,
  "promoted_gb": 0.0015831142663955688,
  "major_gb": 0.003146059811115265,
  "allocated_gb": 0.01170995831489563,
  "minor_collections": 5,
  "major_collections": 0,
  "compactions": 0,
  "top_heap_gb": 0.003662109375,
  "stack_kb": 0.3671875,
  "minor_heap_kb": 8192.0,
  "attributes_table": {
    "num_bindings": 1,
    "num_buckets": 16,
    "max_bucket_length": 1
  }
}