{
  "rtime": 0.022011995315551758,
  "utime": 0.010570999999999997,
  "stime": 0.0038449999999999995,
  "cutime": 0.002821,
  "cstime": 0.003561,
  "minor_gb": 0.007193535566329956,
  "promoted_gb": 0.0015831142663955688,
  "major_gb": 0.0016136541962623596,
  "allocated_gb": 0.007224075496196747,
  "minor_collections": 5,
  "major_collections": 0,
  "compactions": 0,
  "top_heap_gb": 0.003662109375,
  "stack_kb": 0.3671875,
  "minor_heap_kb": 8192.0,
  "attributes_table": {
    "num_bindings": 0,
    "num_buckets": 16,
    "max_bucket_length": 0
  }
}