{
  "rtime": 0.08307290077209473,
  "utime": 0.039180000000000006,
  "stime": 0.009558999999999998,
  "cutime": 0.002537,
  "cstime": 0.00316,
  "minor_gb": 0.011224411427974701,
  "promoted_gb": 0.0015831142663955688,
  "major_gb": 0.003145650029182434,
  "allocated_gb": 0.012786947190761566,
  "minor_collections": 5,
  "major_collections": 0,
  "compactions": 0,
  "top_heap_gb": 0.003662109375,
  "stack_kb": 0.3671875,
  "minor_heap_kb": 8192.0,
  "attributes_table": {
    "num_bindings": 1,
    "num_buckets": 16,
    "max_bucket_length": 1
  }
}