{
  "rtime": 1.6960029602050781,
  "utime": 1.498583,
  "stime": 0.044747999999999996,
  "cutime": 0.003124,
  "cstime": 0.004351,
  "minor_gb": 2.2040875852108,
  "promoted_gb": 0.023514389991760254,
  "major_gb": 0.02546381950378418,
  "allocated_gb": 2.206037014722824,
  "minor_collections": 289,
  "major_collections": 6,
  "compactions": 0,
  "top_heap_gb": 0.017078399658203125,
  "stack_kb": 0.3671875,
  "minor_heap_kb": 8192.0,
  "attributes_table": {
    "num_bindings": 15,
    "num_buckets": 16,
    "max_bucket_length": 3
  }
}