{
  "rtime": {
    "sum": 2.6990749835968018,
    "avg": 2.6990749835968018,
    "min": 2.6990749835968018,
    "p10": 2.6990749835968018,
    "median": 2.6990749835968018,
    "p75": 2.6990749835968018,
    "max": 2.6990749835968018,
    "count": 1
  },
  "utime": {
    "sum": 1.470789,
    "avg": 1.470789,
    "min": 1.470789,
    "p10": 1.470789,
    "median": 1.470789,
    "p75": 1.470789,
    "max": 1.470789,
    "count": 1
  },
  "stime": {
    "sum": 0.101442,
    "avg": 0.101442,
    "min": 0.101442,
    "p10": 0.101442,
    "median": 0.101442,
    "p75": 0.101442,
    "max": 0.101442,
    "count": 1
  },
  "cutime": {
    "sum": 0.675888,
    "avg": 0.675888,
    "min": 0.675888,
    "p10": 0.675888,
    "median": 0.675888,
    "p75": 0.675888,
    "max": 0.675888,
    "count": 1
  },
  "cstime": {
    "sum": 0.5036,
    "avg": 0.5036,
    "min": 0.5036,
    "p10": 0.5036,
    "median": 0.5036,
    "p75": 0.5036,
    "max": 0.5036,
    "count": 1
  },
  "minor_gb": {
    "sum": 2.2874748185276985,
    "avg": 2.2874748185276985,
    "min": 2.2874748185276985,
    "p10": 2.2874748185276985,
    "median": 2.2874748185276985,
    "p75": 2.2874748185276985,
    "max": 2.2874748185276985,
    "count": 1
  },
  "promoted_gb": {
    "sum": 0.0660569816827774,
    "avg": 0.0660569816827774,
    "min": 0.0660569816827774,
    "p10": 0.0660569816827774,
    "median": 0.0660569816827774,
    "p75": 0.0660569816827774,
    "max": 0.0660569816827774,
    "count": 1
  },
  "major_gb": {
    "sum": 0.0668199434876442,
    "avg": 0.0668199434876442,
    "min": 0.0668199434876442,
    "p10": 0.0668199434876442,
    "median": 0.0668199434876442,
    "p75": 0.0668199434876442,
    "max": 0.0668199434876442,
    "count": 1
  },
  "allocated_gb": {
    "sum": 2.2882377803325653,
    "avg": 2.2882377803325653,
    "min": 2.2882377803325653,
    "p10": 2.2882377803325653,
    "median": 2.2882377803325653,
    "p75": 2.2882377803325653,
    "max": 2.2882377803325653,
    "count": 1
  },
  "minor_collections": {
    "sum": 299.0,
    "avg": 299.0,
    "min": 299.0,
    "p10": 299.0,
    "median": 299.0,
    "p75": 299.0,
    "max": 299.0,
    "count": 1
  },
  "major_collections": {
    "sum": 3.0,
    "avg": 3.0,
    "min": 3.0,
    "p10": 3.0,
    "median": 3.0,
    "p75": 3.0,
    "max": 3.0,
    "count": 1
  },
  "compactions": {
    "sum": 0.0,
    "avg": 0.0,
    "min": 0.0,
    "p10": 0.0,
    "median": 0.0,
    "p75": 0.0,
    "max": 0.0,
    "count": 1
  },
  "top_heap_gb": {
    "sum": 0.06912994384765625,
    "avg": 0.06912994384765625,
    "min": 0.06912994384765625,
    "p10": 0.06912994384765625,
    "median": 0.06912994384765625,
    "p75": 0.06912994384765625,
    "max": 0.06912994384765625,
    "count": 1
  },
  "stack_kb": {
    "sum": 0.3671875,
    "avg": 0.3671875,
    "min": 0.3671875,
    "p10": 0.3671875,
    "median": 0.3671875,
    "p75": 0.3671875,
    "max": 0.3671875,
    "count": 1
  },
  "minor_heap_kb": {
    "sum": 8192.0,
    "avg": 8192.0,
    "min": 8192.0,
    "p10": 8192.0,
    "median": 8192.0,
    "p75": 8192.0,
    "max": 8192.0,
    "count": 1
  },
  "attributes_table": {
    "num_bindings": {
      "sum": 0.0,
      "avg": 0.0,
      "min": 0.0,
      "p10": 0.0,
      "median": 0.0,
      "p75": 0.0,
      "max": 0.0,
      "count": 1
    },
    "num_buckets": {
      "sum": 16.0,
      "avg": 16.0,
      "min": 16.0,
      "p10": 16.0,
      "median": 16.0,
      "p75": 16.0,
      "max": 16.0,
      "count": 1
    },
    "max_bucket_length": {
      "sum": 0.0,
      "avg": 0.0,
      "min": 0.0,
      "p10": 0.0,
      "median": 0.0,
      "p75": 0.0,
      "max": 0.0,
      "count": 1
    }
  }
}