{
  "rtime": {
    "sum": 12.285889148712158,
    "avg": 4.095296382904053,
    "min": 4.093151092529297,
    "p10": 4.09437358379364,
    "median": 4.095596075057983,
    "p75": 4.096369028091431,
    "max": 4.097141981124878,
    "count": 3
  },
  "utime": {
    "sum": 6.416419,
    "avg": 2.1388063333333336,
    "min": 2.08307,
    "p10": 2.1170075,
    "median": 2.150945,
    "p75": 2.1666745,
    "max": 2.182404,
    "count": 3
  },
  "stime": {
    "sum": 0.35441100000000003,
    "avg": 0.118137,
    "min": 0.117194,
    "p10": 0.11731050000000001,
    "median": 0.117427,
    "p75": 0.1186085,
    "max": 0.11979,
    "count": 3
  },
  "cutime": {
    "sum": 3.063968,
    "avg": 1.0213226666666666,
    "min": 1.008725,
    "p10": 1.0161335,
    "median": 1.023542,
    "p75": 1.0276215,
    "max": 1.031701,
    "count": 3
  },
  "cstime": {
    "sum": 1.156176,
    "avg": 0.385392,
    "min": 0.339447,
    "p10": 0.370909,
    "median": 0.402371,
    "p75": 0.4083645,
    "max": 0.414358,
    "count": 3
  },
  "minor_gb": {
    "sum": 6.8563598319888115,
    "avg": 2.2854532773296037,
    "min": 2.2845826148986816,
    "p10": 2.2849150598049164,
    "median": 2.285247504711151,
    "p75": 2.285888608545065,
    "max": 2.2865297123789787,
    "count": 3
  },
  "promoted_gb": {
    "sum": 0.19725492596626282,
    "avg": 0.06575164198875427,
    "min": 0.06556946039199829,
    "p10": 0.06557885929942131,
    "median": 0.06558825820684433,
    "p75": 0.06584273278713226,
    "max": 0.0660972073674202,
    "count": 3
  },
  "major_gb": {
    "sum": 0.19941673427820206,
    "avg": 0.06647224475940068,
    "min": 0.06627748161554337,
    "p10": 0.0662868358194828,
    "median": 0.06629619002342224,
    "p75": 0.06656962633132935,
    "max": 0.06684306263923645,
    "count": 3
  },
  "allocated_gb": {
    "sum": 6.858521640300751,
    "avg": 2.2861738801002502,
    "min": 2.2852906361222267,
    "p10": 2.285623036324978,
    "median": 2.285955436527729,
    "p75": 2.286615502089262,
    "max": 2.287275567650795,
    "count": 3
  },
  "minor_collections": {
    "sum": 895.0,
    "avg": 298.3333333333333,
    "min": 298.0,
    "p10": 298.0,
    "median": 298.0,
    "p75": 298.5,
    "max": 299.0,
    "count": 3
  },
  "major_collections": {
    "sum": 9.0,
    "avg": 3.0,
    "min": 3.0,
    "p10": 3.0,
    "median": 3.0,
    "p75": 3.0,
    "max": 3.0,
    "count": 3
  },
  "compactions": {
    "sum": 0.0,
    "avg": 0.0,
    "min": 0.0,
    "p10": 0.0,
    "median": 0.0,
    "p75": 0.0,
    "max": 0.0,
    "count": 3
  },
  "top_heap_gb": {
    "sum": 0.20738983154296875,
    "avg": 0.06912994384765625,
    "min": 0.06912994384765625,
    "p10": 0.06912994384765625,
    "median": 0.06912994384765625,
    "p75": 0.06912994384765625,
    "max": 0.06912994384765625,
    "count": 3
  },
  "stack_kb": {
    "sum": 1.1015625,
    "avg": 0.3671875,
    "min": 0.3671875,
    "p10": 0.3671875,
    "median": 0.3671875,
    "p75": 0.3671875,
    "max": 0.3671875,
    "count": 3
  },
  "minor_heap_kb": {
    "sum": 24576.0,
    "avg": 8192.0,
    "min": 8192.0,
    "p10": 8192.0,
    "median": 8192.0,
    "p75": 8192.0,
    "max": 8192.0,
    "count": 3
  },
  "attributes_table": {
    "num_bindings": {
      "sum": 0.0,
      "avg": 0.0,
      "min": 0.0,
      "p10": 0.0,
      "median": 0.0,
      "p75": 0.0,
      "max": 0.0,
      "count": 3
    },
    "num_buckets": {
      "sum": 48.0,
      "avg": 16.0,
      "min": 16.0,
      "p10": 16.0,
      "median": 16.0,
      "p75": 16.0,
      "max": 16.0,
      "count": 3
    },
    "max_bucket_length": {
      "sum": 0.0,
      "avg": 0.0,
      "min": 0.0,
      "p10": 0.0,
      "median": 0.0,
      "p75": 0.0,
      "max": 0.0,
      "count": 3
    }
  }
}