{
  "rtime": 2.6990749835968018,
  "utime": 1.470789,
  "stime": 0.101442,
  "cutime": 0.675888,
  "cstime": 0.5036,
  "minor_gb": 2.2874748185276985,
  "promoted_gb": 0.0660569816827774,
  "major_gb": 0.0668199434876442,
  "allocated_gb": 2.2882377803325653,
  "minor_collections": 299,
  "major_collections": 3,
  "compactions": 0,
  "top_heap_gb": 0.06912994384765625,
  "stack_kb": 0.3671875,
  "minor_heap_kb": 8192.0,
  "attributes_table": {
    "num_bindings": 0,
    "num_buckets": 16,
    "max_bucket_length": 0
  }
}