{
  "rtime": 5.462428092956543,
  "utime": 0.010099,
  "stime": 0.019455,
  "cutime": 3.17173,
  "cstime": 1.9188100000000001,
  "minor_gb": 0.008085429668426514,
  "promoted_gb": 0.0015377700328826904,
  "major_gb": 0.0016211718320846558,
  "allocated_gb": 0.008168831467628479,
  "minor_collections": 5,
  "major_collections": 0,
  "compactions": 0,
  "top_heap_gb": 0.003662109375,
  "stack_kb": 0.3671875,
  "minor_heap_kb": 8192.0,
  "attributes_table": {
    "num_bindings": 0,
    "num_buckets": 16,
    "max_bucket_length": 0
  }
}