{
  "rtime": {
    "sum": 42.52042031288147,
    "avg": 1.6354007812646718,
    "min": 0.8464021682739258,
    "p10": 1.5948010683059692,
    "median": 1.664056658744812,
    "p75": 1.7326236963272095,
    "max": 1.7341790199279785,
    "count": 26
  },
  "utime": {
    "sum": 8.264888000000001,
    "avg": 0.31788030769230774,
    "min": 0.207755,
    "p10": 0.31975000000000003,
    "median": 0.322118,
    "p75": 0.32422599999999996,
    "max": 0.32493099999999997,
    "count": 26
  },
  "stime": {
    "sum": 1.446567,
    "avg": 0.055637192307692304,
    "min": 0.020276000000000002,
    "p10": 0.0548395,
    "median": 0.05692,
    "p75": 0.058564,
    "max": 0.059365,
    "count": 26
  },
  "cutime": {
    "sum": 78.90467700000001,
    "avg": 3.0347952692307696,
    "min": 1.183657,
    "p10": 2.969304,
    "median": 3.1034740000000003,
    "p75": 3.237644,
    "max": 3.237644,
    "count": 26
  },
  "cstime": {
    "sum": 4.123100999999999,
    "avg": 0.15858080769230767,
    "min": 0.08167099999999999,
    "p10": 0.151291,
    "median": 0.1612585,
    "p75": 0.171226,
    "max": 0.171226,
    "count": 26
  },
  "minor_gb": {
    "sum": 3.230888821184635,
    "avg": 0.1242649546609475,
    "min": 0.042732201516628265,
    "p10": 0.11980492249131203,
    "median": 0.12059372290968895,
    "p75": 0.13542110845446587,
    "max": 0.13601379096508026,
    "count": 26
  },
  "promoted_gb": {
    "sum": 0.47209297120571136,
    "avg": 0.018157421969450437,
    "min": 0.012168176472187042,
    "p10": 0.017464734613895416,
    "median": 0.017464734613895416,
    "p75": 0.019406937062740326,
    "max": 0.019406937062740326,
    "count": 26
  },
  "major_gb": {
    "sum": 0.5423125699162483,
    "avg": 0.02085817576600955,
    "min": 0.014860346913337708,
    "p10": 0.02080073207616806,
    "median": 0.02080073207616806,
    "p75": 0.021420225501060486,
    "max": 0.021420225501060486,
    "count": 26
  },
  "allocated_gb": {
    "sum": 3.301108419895172,
    "avg": 0.12696570845750663,
    "min": 0.04542437195777893,
    "p10": 0.12314091995358467,
    "median": 0.1239297203719616,
    "p75": 0.13743439689278603,
    "max": 0.13802707940340042,
    "count": 26
  },
  "minor_collections": {
    "sum": 672.0,
    "avg": 25.846153846153847,
    "min": 10.0,
    "p10": 26.0,
    "median": 26.0,
    "p75": 27.0,
    "max": 27.0,
    "count": 26
  },
  "major_collections": {
    "sum": 63.0,
    "avg": 2.423076923076923,
    "min": 1.0,
    "p10": 2.0,
    "median": 2.0,
    "p75": 3.0,
    "max": 3.0,
    "count": 26
  },
  "compactions": {
    "sum": 0.0,
    "avg": 0.0,
    "min": 0.0,
    "p10": 0.0,
    "median": 0.0,
    "p75": 0.0,
    "max": 0.0,
    "count": 26
  },
  "top_heap_gb": {
    "sum": 0.5142478942871094,
    "avg": 0.01977876516488882,
    "min": 0.01645660400390625,
    "p10": 0.019641876220703125,
    "median": 0.019901275634765625,
    "p75": 0.020160675048828125,
    "max": 0.020160675048828125,
    "count": 26
  },
  "stack_kb": {
    "sum": 9.546875,
    "avg": 0.3671875,
    "min": 0.3671875,
    "p10": 0.3671875,
    "median": 0.3671875,
    "p75": 0.3671875,
    "max": 0.3671875,
    "count": 26
  },
  "minor_heap_kb": {
    "sum": 212992.0,
    "avg": 8192.0,
    "min": 8192.0,
    "p10": 8192.0,
    "median": 8192.0,
    "p75": 8192.0,
    "max": 8192.0,
    "count": 26
  },
  "attributes_table": {
    "num_bindings": {
      "sum": 0.0,
      "avg": 0.0,
      "min": 0.0,
      "p10": 0.0,
      "median": 0.0,
      "p75": 0.0,
      "max": 0.0,
      "count": 26
    },
    "num_buckets": {
      "sum": 416.0,
      "avg": 16.0,
      "min": 16.0,
      "p10": 16.0,
      "median": 16.0,
      "p75": 16.0,
      "max": 16.0,
      "count": 26
    },
    "max_bucket_length": {
      "sum": 0.0,
      "avg": 0.0,
      "min": 0.0,
      "p10": 0.0,
      "median": 0.0,
      "p75": 0.0,
      "max": 0.0,
      "count": 26
    }
  }
}