{
  "rtime": {
    "sum": 44.294273376464844,
    "avg": 1.7036258990948017,
    "min": 0.8673520088195801,
    "p10": 1.5570824146270752,
    "median": 1.5592085123062134,
    "p75": 1.9312338829040527,
    "max": 1.9327938556671143,
    "count": 26
  },
  "utime": {
    "sum": 10.524765,
    "avg": 0.4047986538461539,
    "min": 0.215972,
    "p10": 0.28530199999999994,
    "median": 0.286265,
    "p75": 0.5494140000000001,
    "max": 0.550146,
    "count": 26
  },
  "stime": {
    "sum": 1.5368089999999999,
    "avg": 0.059108038461538455,
    "min": 0.020706000000000002,
    "p10": 0.049937999999999996,
    "median": 0.051077,
    "p75": 0.07159599999999999,
    "max": 0.07241600000000001,
    "count": 26
  },
  "cutime": {
    "sum": 77.54006899999999,
    "avg": 2.9823103461538456,
    "min": 1.191673,
    "p10": 2.987548,
    "median": 2.987548,
    "p75": 3.125856,
    "max": 3.125856,
    "count": 26
  },
  "cstime": {
    "sum": 4.171161999999999,
    "avg": 0.16042930769230765,
    "min": 0.087299,
    "p10": 0.162371,
    "median": 0.162371,
    "p75": 0.16442,
    "max": 0.16442,
    "count": 26
  },
  "minor_gb": {
    "sum": 3.2308384999632835,
    "avg": 0.12426301922935706,
    "min": 0.042732276022434235,
    "p10": 0.11980370432138443,
    "median": 0.12059024721384048,
    "p75": 0.13541985675692558,
    "max": 0.1360100507736206,
    "count": 26
  },
  "promoted_gb": {
    "sum": 0.4720904529094696,
    "avg": 0.018157325111902677,
    "min": 0.01216619461774826,
    "p10": 0.017464734613895416,
    "median": 0.017464734613895416,
    "p75": 0.019406892359256744,
    "max": 0.019406892359256744,
    "count": 26
  },
  "major_gb": {
    "sum": 0.5423100516200066,
    "avg": 0.02085807890846179,
    "min": 0.014858365058898926,
    "p10": 0.02080073207616806,
    "median": 0.02080073207616806,
    "p75": 0.021420180797576904,
    "max": 0.021420180797576904,
    "count": 26
  },
  "allocated_gb": {
    "sum": 3.3010580986738205,
    "avg": 0.12696377302591616,
    "min": 0.0454244464635849,
    "p10": 0.12313970178365707,
    "median": 0.12392624467611313,
    "p75": 0.13743314519524574,
    "max": 0.13802333921194077,
    "count": 26
  },
  "minor_collections": {
    "sum": 672.0,
    "avg": 25.846153846153847,
    "min": 10.0,
    "p10": 26.0,
    "median": 26.0,
    "p75": 27.0,
    "max": 27.0,
    "count": 26
  },
  "major_collections": {
    "sum": 63.0,
    "avg": 2.423076923076923,
    "min": 1.0,
    "p10": 2.0,
    "median": 2.0,
    "p75": 3.0,
    "max": 3.0,
    "count": 26
  },
  "compactions": {
    "sum": 0.0,
    "avg": 0.0,
    "min": 0.0,
    "p10": 0.0,
    "median": 0.0,
    "p75": 0.0,
    "max": 0.0,
    "count": 26
  },
  "top_heap_gb": {
    "sum": 0.5121002197265625,
    "avg": 0.019696162297175482,
    "min": 0.014308929443359375,
    "p10": 0.019641876220703125,
    "median": 0.019901275634765625,
    "p75": 0.020160675048828125,
    "max": 0.020160675048828125,
    "count": 26
  },
  "stack_kb": {
    "sum": 9.546875,
    "avg": 0.3671875,
    "min": 0.3671875,
    "p10": 0.3671875,
    "median": 0.3671875,
    "p75": 0.3671875,
    "max": 0.3671875,
    "count": 26
  },
  "minor_heap_kb": {
    "sum": 212992.0,
    "avg": 8192.0,
    "min": 8192.0,
    "p10": 8192.0,
    "median": 8192.0,
    "p75": 8192.0,
    "max": 8192.0,
    "count": 26
  },
  "attributes_table": {
    "num_bindings": {
      "sum": 0.0,
      "avg": 0.0,
      "min": 0.0,
      "p10": 0.0,
      "median": 0.0,
      "p75": 0.0,
      "max": 0.0,
      "count": 26
    },
    "num_buckets": {
      "sum": 416.0,
      "avg": 16.0,
      "min": 16.0,
      "p10": 16.0,
      "median": 16.0,
      "p75": 16.0,
      "max": 16.0,
      "count": 26
    },
    "max_bucket_length": {
      "sum": 0.0,
      "avg": 0.0,
      "min": 0.0,
      "p10": 0.0,
      "median": 0.0,
      "p75": 0.0,
      "max": 0.0,
      "count": 26
    }
  }
}