{
  "rtime": {
    "sum": 38.31197190284729,
    "avg": 1.473537380878742,
    "min": 0.9183371067047119,
    "p10": 1.4581650495529175,
    "median": 1.46151602268219,
    "p75": 1.5344866514205933,
    "max": 1.5376989841461182,
    "count": 26
  },
  "utime": {
    "sum": 8.128426000000001,
    "avg": 0.3126317692307693,
    "min": 0.223278,
    "p10": 0.296685,
    "median": 0.29816699999999996,
    "p75": 0.3365325,
    "max": 0.337438,
    "count": 26
  },
  "stime": {
    "sum": 1.4601520000000001,
    "avg": 0.05615969230769231,
    "min": 0.021104,
    "p10": 0.055699,
    "median": 0.057464,
    "p75": 0.058525,
    "max": 0.059759999999999994,
    "count": 26
  },
  "cutime": {
    "sum": 71.86037,
    "avg": 2.7638603846153846,
    "min": 1.284855,
    "p10": 2.816037,
    "median": 2.8227520000000004,
    "p75": 2.829467,
    "max": 2.829467,
    "count": 26
  },
  "cstime": {
    "sum": 3.697731999999998,
    "avg": 0.14222046153846146,
    "min": 0.094069,
    "p10": 0.139089,
    "median": 0.143952,
    "p75": 0.148815,
    "max": 0.148815,
    "count": 26
  },
  "minor_gb": {
    "sum": 3.213409908115864,
    "avg": 0.12359268877368706,
    "min": 0.04273221641778946,
    "p10": 0.11917677894234657,
    "median": 0.11996528506278992,
    "p75": 0.13464603200554848,
    "max": 0.13523191958665848,
    "count": 26
  },
  "promoted_gb": {
    "sum": 0.4715949520468712,
    "avg": 0.018138267386418123,
    "min": 0.012168176472187042,
    "p10": 0.017469272017478943,
    "median": 0.017469272017478943,
    "p75": 0.01936051994562149,
    "max": 0.01936051994562149,
    "count": 26
  },
  "major_gb": {
    "sum": 0.5413690581917763,
    "avg": 0.020821886853529856,
    "min": 0.014845728874206543,
    "p10": 0.020777441561222076,
    "median": 0.020777441561222076,
    "p75": 0.02136804908514023,
    "max": 0.02136804908514023,
    "count": 26
  },
  "allocated_gb": {
    "sum": 3.283184014260769,
    "avg": 0.1262763082407988,
    "min": 0.04540976881980896,
    "p10": 0.1224849484860897,
    "median": 0.12327345460653305,
    "p75": 0.13665356114506721,
    "max": 0.13723944872617722,
    "count": 26
  },
  "minor_collections": {
    "sum": 672.0,
    "avg": 25.846153846153847,
    "min": 10.0,
    "p10": 26.0,
    "median": 26.0,
    "p75": 27.0,
    "max": 27.0,
    "count": 26
  },
  "major_collections": {
    "sum": 63.0,
    "avg": 2.423076923076923,
    "min": 1.0,
    "p10": 2.0,
    "median": 2.0,
    "p75": 3.0,
    "max": 3.0,
    "count": 26
  },
  "compactions": {
    "sum": 0.0,
    "avg": 0.0,
    "min": 0.0,
    "p10": 0.0,
    "median": 0.0,
    "p75": 0.0,
    "max": 0.0,
    "count": 26
  },
  "top_heap_gb": {
    "sum": 0.4796485900878906,
    "avg": 0.018448022695688102,
    "min": 0.016422271728515625,
    "p10": 0.0175018310546875,
    "median": 0.0175018310546875,
    "p75": 0.019641876220703125,
    "max": 0.019641876220703125,
    "count": 26
  },
  "stack_kb": {
    "sum": 9.546875,
    "avg": 0.3671875,
    "min": 0.3671875,
    "p10": 0.3671875,
    "median": 0.3671875,
    "p75": 0.3671875,
    "max": 0.3671875,
    "count": 26
  },
  "minor_heap_kb": {
    "sum": 212992.0,
    "avg": 8192.0,
    "min": 8192.0,
    "p10": 8192.0,
    "median": 8192.0,
    "p75": 8192.0,
    "max": 8192.0,
    "count": 26
  },
  "attributes_table": {
    "num_bindings": {
      "sum": 0.0,
      "avg": 0.0,
      "min": 0.0,
      "p10": 0.0,
      "median": 0.0,
      "p75": 0.0,
      "max": 0.0,
      "count": 26
    },
    "num_buckets": {
      "sum": 416.0,
      "avg": 16.0,
      "min": 16.0,
      "p10": 16.0,
      "median": 16.0,
      "p75": 16.0,
      "max": 16.0,
      "count": 26
    },
    "max_bucket_length": {
      "sum": 0.0,
      "avg": 0.0,
      "min": 0.0,
      "p10": 0.0,
      "median": 0.0,
      "p75": 0.0,
      "max": 0.0,
      "count": 26
    }
  }
}