{
  "rtime": 1.5583879947662354,
  "utime": 0.285885,
  "stime": 0.050636,
  "cutime": 2.987548,
  "cstime": 0.162371,
  "minor_gb": 0.12023576349020004,
  "promoted_gb": 0.017464734613895416,
  "major_gb": 0.02080073207616806,
  "allocated_gb": 0.12357176095247269,
  "minor_collections": 26,
  "major_collections": 2,
  "compactions": 0,
  "top_heap_gb": 0.020160675048828125,
  "stack_kb": 0.3671875,
  "minor_heap_kb": 8192.0,
  "attributes_table": {
    "num_bindings": 0,
    "num_buckets": 16,
    "max_bucket_length": 0
  }
}