{
  "rtime": 1.9318718910217285,
  "utime": 0.549724,
  "stime": 0.07192399999999999,
  "cutime": 3.125856,
  "cstime": 0.16442,
  "minor_gb": 0.135695219039917,
  "promoted_gb": 0.019406892359256744,
  "major_gb": 0.021420180797576904,
  "allocated_gb": 0.13770850747823715,
  "minor_collections": 27,
  "major_collections": 3,
  "compactions": 0,
  "top_heap_gb": 0.019641876220703125,
  "stack_kb": 0.3671875,
  "minor_heap_kb": 8192.0,
  "attributes_table": {
    "num_bindings": 0,
    "num_buckets": 16,
    "max_bucket_length": 0
  }
}