{
  "rtime": 0.8464021682739258,
  "utime": 0.207755,
  "stime": 0.020276000000000002,
  "cutime": 1.183657,
  "cstime": 0.08167099999999999,
  "minor_gb": 0.042732201516628265,
  "promoted_gb": 0.012168176472187042,
  "major_gb": 0.014860346913337708,
  "allocated_gb": 0.04542437195777893,
  "minor_collections": 10,
  "major_collections": 1,
  "compactions": 0,
  "top_heap_gb": 0.01645660400390625,
  "stack_kb": 0.3671875,
  "minor_heap_kb": 8192.0,
  "attributes_table": {
    "num_bindings": 0,
    "num_buckets": 16,
    "max_bucket_length": 0
  }
}