{
  "rtime": 1.5959241390228271,
  "utime": 0.32022700000000004,
  "stime": 0.055465,
  "cutime": 2.969304,
  "cstime": 0.151291,
  "minor_gb": 0.13553903996944427,
  "promoted_gb": 0.019406937062740326,
  "major_gb": 0.021420225501060486,
  "allocated_gb": 0.13755232840776443,
  "minor_collections": 27,
  "major_collections": 3,
  "compactions": 0,
  "top_heap_gb": 0.019641876220703125,
  "stack_kb": 0.3671875,
  "minor_heap_kb": 8192.0,
  "attributes_table": {
    "num_bindings": 0,
    "num_buckets": 16,
    "max_bucket_length": 0
  }
}