{
  "rtime": 1.7340171337127686,
  "utime": 0.32483599999999996,
  "stime": 0.059299000000000004,
  "cutime": 3.237644,
  "cstime": 0.171226,
  "minor_gb": 0.12055395543575287,
  "promoted_gb": 0.017464734613895416,
  "major_gb": 0.02080073207616806,
  "allocated_gb": 0.12388995289802551,
  "minor_collections": 26,
  "major_collections": 2,
  "compactions": 0,
  "top_heap_gb": 0.020160675048828125,
  "stack_kb": 0.3671875,
  "minor_heap_kb": 8192.0,
  "attributes_table": {
    "num_bindings": 0,
    "num_buckets": 16,
    "max_bucket_length": 0
  }
}