{
  "rtime": 1.5961241722106934,
  "utime": 0.320311,
  "stime": 0.055581000000000005,
  "cutime": 2.969304,
  "cstime": 0.151291,
  "minor_gb": 0.13561855256557465,
  "promoted_gb": 0.019406937062740326,
  "major_gb": 0.021420225501060486,
  "allocated_gb": 0.1376318410038948,
  "minor_collections": 27,
  "major_collections": 3,
  "compactions": 0,
  "top_heap_gb": 0.019641876220703125,
  "stack_kb": 0.3671875,
  "minor_heap_kb": 8192.0,
  "attributes_table": {
    "num_bindings": 0,
    "num_buckets": 16,
    "max_bucket_length": 0
  }
}