{
  "rtime": 1.5949311256408691,
  "utime": 0.319798,
  "stime": 0.054908,
  "cutime": 2.969304,
  "cstime": 0.151291,
  "minor_gb": 0.13522367924451828,
  "promoted_gb": 0.019406937062740326,
  "major_gb": 0.021420225501060486,
  "allocated_gb": 0.13723696768283844,
  "minor_collections": 27,
  "major_collections": 3,
  "compactions": 0,
  "top_heap_gb": 0.019641876220703125,
  "stack_kb": 0.3671875,
  "minor_heap_kb": 8192.0,
  "attributes_table": {
    "num_bindings": 0,
    "num_buckets": 16,
    "max_bucket_length": 0
  }
}