{
  "rtime": 0.8673520088195801,
  "utime": 0.215972,
  "stime": 0.020706000000000002,
  "cutime": 1.191673,
  "cstime": 0.087299,
  "minor_gb": 0.042732276022434235,
  "promoted_gb": 0.01216619461774826,
  "major_gb": 0.014858365058898926,
  "allocated_gb": 0.0454244464635849,
  "minor_collections": 10,
  "major_collections": 1,
  "compactions": 0,
  "top_heap_gb": 0.014308929443359375,
  "stack_kb": 0.3671875,
  "minor_heap_kb": 8192.0,
  "attributes_table": {
    "num_bindings": 0,
    "num_buckets": 16,
    "max_bucket_length": 0
  }
}