{
  "rtime": 1.7314882278442383,
  "utime": 0.323731,
  "stime": 0.057976,
  "cutime": 3.237644,
  "cstime": 0.171226,
  "minor_gb": 0.11984409391880035,
  "promoted_gb": 0.017464734613895416,
  "major_gb": 0.02080073207616806,
  "allocated_gb": 0.123180091381073,
  "minor_collections": 26,
  "major_collections": 2,
  "compactions": 0,
  "top_heap_gb": 0.020160675048828125,
  "stack_kb": 0.3671875,
  "minor_heap_kb": 8192.0,
  "attributes_table": {
    "num_bindings": 0,
    "num_buckets": 16,
    "max_bucket_length": 0
  }
}