{
  "rtime": 1.595736026763916,
  "utime": 0.32014200000000004,
  "stime": 0.05536200000000001,
  "cutime": 2.969304,
  "cstime": 0.151291,
  "minor_gb": 0.1354602798819542,
  "promoted_gb": 0.019406937062740326,
  "major_gb": 0.021420225501060486,
  "allocated_gb": 0.13747356832027435,
  "minor_collections": 27,
  "major_collections": 3,
  "compactions": 0,
  "top_heap_gb": 0.019641876220703125,
  "stack_kb": 0.3671875,
  "minor_heap_kb": 8192.0,
  "attributes_table": {
    "num_bindings": 0,
    "num_buckets": 16,
    "max_bucket_length": 0
  }
}