{
  "rtime": {
    "sum": 149.56591653823853,
    "avg": 2.8762676257353563,
    "min": 1.4912209510803223,
    "p10": 1.4962084293365479,
    "median": 3.031684994697571,
    "p75": 3.0336644649505615,
    "max": 3.48416805267334,
    "count": 52
  },
  "utime": {
    "sum": 34.776434,
    "avg": 0.6687775769230769,
    "min": 0.30321,
    "p10": 0.303895,
    "median": 0.718927,
    "p75": 0.7200645,
    "max": 0.7729630000000001,
    "count": 52
  },
  "stime": {
    "sum": 8.154299,
    "avg": 0.1568134423076923,
    "min": 0.07763500000000001,
    "p10": 0.07882449999999999,
    "median": 0.102641,
    "p75": 0.1034485,
    "max": 0.60288,
    "count": 52
  },
  "cutime": {
    "sum": 298.8589769999998,
    "avg": 5.747288019230766,
    "min": 2.707986,
    "p10": 2.707986,
    "median": 6.238049,
    "p75": 6.238049,
    "max": 6.238049,
    "count": 52
  },
  "cstime": {
    "sum": 11.405996999999992,
    "avg": 0.219346096153846,
    "min": 0.148761,
    "p10": 0.148761,
    "median": 0.229928,
    "p75": 0.229928,
    "max": 0.232913,
    "count": 52
  },
  "minor_gb": {
    "sum": 15.414333462715149,
    "avg": 0.296429489667599,
    "min": 0.10797590762376785,
    "p10": 0.10843484848737717,
    "median": 0.3207973465323448,
    "p75": 0.3218674063682556,
    "max": 0.35856974869966507,
    "count": 52
  },
  "promoted_gb": {
    "sum": 1.7481992542743683,
    "avg": 0.033619216428353235,
    "min": 0.016368813812732697,
    "p10": 0.016368813812732697,
    "median": 0.036126509308815,
    "p75": 0.036126509308815,
    "max": 0.038988664746284485,
    "count": 52
  },
  "major_gb": {
    "sum": 2.4524518474936485,
    "avg": 0.04716253552872401,
    "min": 0.018200375139713287,
    "p10": 0.018200375139713287,
    "median": 0.05251619219779968,
    "p75": 0.052970923483371735,
    "max": 0.052970923483371735,
    "count": 52
  },
  "allocated_gb": {
    "sum": 16.11858605593443,
    "avg": 0.3099728087679698,
    "min": 0.10980746895074844,
    "p10": 0.11026640981435776,
    "median": 0.33764176070690155,
    "p75": 0.33871182054281235,
    "max": 0.36431966722011566,
    "count": 52
  },
  "minor_collections": {
    "sum": 3468.0,
    "avg": 66.69230769230769,
    "min": 21.0,
    "p10": 21.0,
    "median": 74.0,
    "p75": 74.0,
    "max": 76.0,
    "count": 52
  },
  "major_collections": {
    "sum": 278.0,
    "avg": 5.346153846153846,
    "min": 2.0,
    "p10": 2.0,
    "median": 6.0,
    "p75": 6.0,
    "max": 6.0,
    "count": 52
  },
  "compactions": {
    "sum": 0.0,
    "avg": 0.0,
    "min": 0.0,
    "p10": 0.0,
    "median": 0.0,
    "p75": 0.0,
    "max": 0.0,
    "count": 52
  },
  "top_heap_gb": {
    "sum": 2.1518821716308594,
    "avg": 0.0413823494544396,
    "min": 0.017078399658203125,
    "p10": 0.017078399658203125,
    "median": 0.04602813720703125,
    "p75": 0.04602813720703125,
    "max": 0.04602813720703125,
    "count": 52
  },
  "stack_kb": {
    "sum": 19.09375,
    "avg": 0.3671875,
    "min": 0.3671875,
    "p10": 0.3671875,
    "median": 0.3671875,
    "p75": 0.3671875,
    "max": 0.3671875,
    "count": 52
  },
  "minor_heap_kb": {
    "sum": 425984.0,
    "avg": 8192.0,
    "min": 8192.0,
    "p10": 8192.0,
    "median": 8192.0,
    "p75": 8192.0,
    "max": 8192.0,
    "count": 52
  },
  "attributes_table": {
    "num_bindings": {
      "sum": 0.0,
      "avg": 0.0,
      "min": 0.0,
      "p10": 0.0,
      "median": 0.0,
      "p75": 0.0,
      "max": 0.0,
      "count": 52
    },
    "num_buckets": {
      "sum": 832.0,
      "avg": 16.0,
      "min": 16.0,
      "p10": 16.0,
      "median": 16.0,
      "p75": 16.0,
      "max": 16.0,
      "count": 52
    },
    "max_bucket_length": {
      "sum": 0.0,
      "avg": 0.0,
      "min": 0.0,
      "p10": 0.0,
      "median": 0.0,
      "p75": 0.0,
      "max": 0.0,
      "count": 52
    }
  }
}