{
  "rtime": 1.4963278770446777,
  "utime": 0.303943,
  "stime": 0.07889599999999999,
  "cutime": 2.707986,
  "cstime": 0.148761,
  "minor_gb": 0.10847611725330353,
  "promoted_gb": 0.016368813812732697,
  "major_gb": 0.018200375139713287,
  "allocated_gb": 0.11030767858028412,
  "minor_collections": 21,
  "major_collections": 2,
  "compactions": 0,
  "top_heap_gb": 0.017078399658203125,
  "stack_kb": 0.3671875,
  "minor_heap_kb": 8192.0,
  "attributes_table": {
    "num_bindings": 0,
    "num_buckets": 16,
    "max_bucket_length": 0
  }
}