{
  "rtime": 3.479377031326294,
  "utime": 0.770522,
  "stime": 0.600635,
  "cutime": 6.103194,
  "cstime": 0.232913,
  "minor_gb": 0.35700319707393646,
  "promoted_gb": 0.03860919922590256,
  "major_gb": 0.04435911774635315,
  "allocated_gb": 0.36275311559438705,
  "minor_collections": 75,
  "major_collections": 5,
  "compactions": 0,
  "top_heap_gb": 0.039539337158203125,
  "stack_kb": 0.3671875,
  "minor_heap_kb": 8192.0,
  "attributes_table": {
    "num_bindings": 0,
    "num_buckets": 16,
    "max_bucket_length": 0
  }
}