{
  "rtime": 3.0326850414276123,
  "utime": 0.719514,
  "stime": 0.10305399999999999,
  "cutime": 6.238049,
  "cstime": 0.229928,
  "minor_gb": 0.3213319927453995,
  "promoted_gb": 0.036126509308815,
  "major_gb": 0.052970923483371735,
  "allocated_gb": 0.3381764069199562,
  "minor_collections": 74,
  "major_collections": 6,
  "compactions": 0,
  "top_heap_gb": 0.04602813720703125,
  "stack_kb": 0.3671875,
  "minor_heap_kb": 8192.0,
  "attributes_table": {
    "num_bindings": 0,
    "num_buckets": 16,
    "max_bucket_length": 0
  }
}