{
  "rtime": 1.4954078197479248,
  "utime": 0.303533,
  "stime": 0.07838600000000001,
  "cutime": 2.707986,
  "cstime": 0.148761,
  "minor_gb": 0.10814247280359268,
  "promoted_gb": 0.016368813812732697,
  "major_gb": 0.018200375139713287,
  "allocated_gb": 0.10997403413057327,
  "minor_collections": 21,
  "major_collections": 2,
  "compactions": 0,
  "top_heap_gb": 0.017078399658203125,
  "stack_kb": 0.3671875,
  "minor_heap_kb": 8192.0,
  "attributes_table": {
    "num_bindings": 0,
    "num_buckets": 16,
    "max_bucket_length": 0
  }
}