{
  "rtime": 3.031316041946411,
  "utime": 0.718741,
  "stime": 0.102473,
  "cutime": 6.238049,
  "cstime": 0.229928,
  "minor_gb": 0.32067376375198364,
  "promoted_gb": 0.036126509308815,
  "major_gb": 0.052970923483371735,
  "allocated_gb": 0.3375181779265404,
  "minor_collections": 74,
  "major_collections": 6,
  "compactions": 0,
  "top_heap_gb": 0.04602813720703125,
  "stack_kb": 0.3671875,
  "minor_heap_kb": 8192.0,
  "attributes_table": {
    "num_bindings": 0,
    "num_buckets": 16,
    "max_bucket_length": 0
  }
}