{
  "rtime": 3.480860948562622,
  "utime": 0.771549,
  "stime": 0.601038,
  "cutime": 6.103194,
  "cstime": 0.232913,
  "minor_gb": 0.35724957287311554,
  "promoted_gb": 0.038988664746284485,
  "major_gb": 0.04473858326673508,
  "allocated_gb": 0.36299949139356613,
  "minor_collections": 76,
  "major_collections": 5,
  "compactions": 0,
  "top_heap_gb": 0.039539337158203125,
  "stack_kb": 0.3671875,
  "minor_heap_kb": 8192.0,
  "attributes_table": {
    "num_bindings": 0,
    "num_buckets": 16,
    "max_bucket_length": 0
  }
}