{
  "rtime": 2.293018102645874,
  "utime": 0.008999999999999999,
  "stime": 0.007919000000000001,
  "cutime": 0.889999,
  "cstime": 0.921849,
  "minor_gb": 0.007440946996212006,
  "promoted_gb": 0.0015377700328826904,
  "major_gb": 0.0015683099627494812,
  "allocated_gb": 0.007471486926078796,
  "minor_collections": 5,
  "major_collections": 0,
  "compactions": 0,
  "top_heap_gb": 0.003662109375,
  "stack_kb": 0.3671875,
  "minor_heap_kb": 8192.0,
  "attributes_table": {
    "num_bindings": 0,
    "num_buckets": 16,
    "max_bucket_length": 0
  }
}