{
  "rtime": 8.674622058868408,
  "utime": 0.009994000000000001,
  "stime": 0.010785999999999997,
  "cutime": 10.633581,
  "cstime": 3.123718,
  "minor_gb": 0.008074693381786346,
  "promoted_gb": 0.0015377700328826904,
  "major_gb": 0.0016193017363548279,
  "allocated_gb": 0.008156225085258484,
  "minor_collections": 5,
  "major_collections": 0,
  "compactions": 0,
  "top_heap_gb": 0.003662109375,
  "stack_kb": 0.3671875,
  "minor_heap_kb": 8192.0,
  "attributes_table": {
    "num_bindings": 0,
    "num_buckets": 16,
    "max_bucket_length": 0
  }
}