{
  "rtime": 5.462831974029541,
  "utime": 0.010242000000000001,
  "stime": 0.019712,
  "cutime": 3.17173,
  "cstime": 1.9188100000000001,
  "minor_gb": 0.008167564868927002,
  "promoted_gb": 0.0015377700328826904,
  "major_gb": 0.0016211718320846558,
  "allocated_gb": 0.008250966668128967,
  "minor_collections": 5,
  "major_collections": 0,
  "compactions": 0,
  "top_heap_gb": 0.003662109375,
  "stack_kb": 0.3671875,
  "minor_heap_kb": 8192.0,
  "attributes_table": {
    "num_bindings": 0,
    "num_buckets": 16,
    "max_bucket_length": 0
  }
}