{
  "rtime": {
    "sum": 10.98267388343811,
    "avg": 0.8448210679567777,
    "min": 0.024863004684448242,
    "p10": 0.04439890384674072,
    "median": 0.301800012588501,
    "p75": 1.8327038288116455,
    "max": 2.3267738819122314,
    "count": 13
  },
  "utime": {
    "sum": 8.230879,
    "avg": 0.6331445384615384,
    "min": 0.012388,
    "p10": 0.0254155,
    "median": 0.253279,
    "p75": 1.052977,
    "max": 1.918475,
    "count": 13
  },
  "stime": {
    "sum": 0.41644799999999993,
    "avg": 0.03203446153846153,
    "min": 0.004903999999999999,
    "p10": 0.006607000000000001,
    "median": 0.026305,
    "p75": 0.052955,
    "max": 0.092838,
    "count": 13
  },
  "cutime": {
    "sum": 3.301009,
    "avg": 0.25392376923076926,
    "min": 0.002474,
    "p10": 0.002632,
    "median": 0.002806,
    "p75": 0.003231,
    "max": 3.2666180000000002,
    "count": 13
  },
  "cstime": {
    "sum": 0.22376600000000002,
    "avg": 0.017212769230769233,
    "min": 0.003054,
    "p10": 0.003179,
    "median": 0.003551,
    "p75": 0.004851,
    "max": 0.177265,
    "count": 13
  },
  "minor_gb": {
    "sum": 11.282533787190914,
    "avg": 0.8678872143993011,
    "min": 0.007269665598869324,
    "p10": 0.008717101067304611,
    "median": 0.21593855321407318,
    "p75": 1.49491648375988,
    "max": 2.9994922503829002,
    "count": 13
  },
  "promoted_gb": {
    "sum": 0.12003308534622192,
    "avg": 0.009233314257401686,
    "min": 0.0015829652547836304,
    "p10": 0.0015829652547836304,
    "median": 0.004545621573925018,
    "p75": 0.013632476329803467,
    "max": 0.027729623019695282,
    "count": 13
  },
  "major_gb": {
    "sum": 0.14672529697418213,
    "avg": 0.011286561305706318,
    "min": 0.0016182437539100647,
    "p10": 0.002608601003885269,
    "median": 0.006653450429439545,
    "p75": 0.016124702990055084,
    "max": 0.03005300462245941,
    "count": 13
  },
  "allocated_gb": {
    "sum": 11.309225998818874,
    "avg": 0.8699404614476057,
    "min": 0.007304936647415161,
    "p10": 0.009742945432662964,
    "median": 0.21814214438199997,
    "p75": 1.4972323849797249,
    "max": 3.001984477043152,
    "count": 13
  },
  "minor_collections": {
    "sum": 1509.0,
    "avg": 116.07692307692308,
    "min": 5.0,
    "p10": 5.0,
    "median": 32.0,
    "p75": 196.0,
    "max": 390.0,
    "count": 13
  },
  "major_collections": {
    "sum": 26.0,
    "avg": 2.0,
    "min": 0.0,
    "p10": 0.0,
    "median": 1.0,
    "p75": 3.0,
    "max": 6.0,
    "count": 13
  },
  "compactions": {
    "sum": 0.0,
    "avg": 0.0,
    "min": 0.0,
    "p10": 0.0,
    "median": 0.0,
    "p75": 0.0,
    "max": 0.0,
    "count": 13
  },
  "top_heap_gb": {
    "sum": 0.12245559692382812,
    "avg": 0.009419661301832933,
    "min": 0.003662109375,
    "p10": 0.003662109375,
    "median": 0.00737762451171875,
    "p75": 0.01088714599609375,
    "max": 0.02109527587890625,
    "count": 13
  },
  "stack_kb": {
    "sum": 4.7734375,
    "avg": 0.3671875,
    "min": 0.3671875,
    "p10": 0.3671875,
    "median": 0.3671875,
    "p75": 0.3671875,
    "max": 0.3671875,
    "count": 13
  },
  "minor_heap_kb": {
    "sum": 106496.0,
    "avg": 8192.0,
    "min": 8192.0,
    "p10": 8192.0,
    "median": 8192.0,
    "p75": 8192.0,
    "max": 8192.0,
    "count": 13
  },
  "attributes_table": {
    "num_bindings": {
      "sum": 97.0,
      "avg": 7.461538461538462,
      "min": 0.0,
      "p10": 0.0,
      "median": 6.0,
      "p75": 11.0,
      "max": 28.0,
      "count": 13
    },
    "num_buckets": {
      "sum": 208.0,
      "avg": 16.0,
      "min": 16.0,
      "p10": 16.0,
      "median": 16.0,
      "p75": 16.0,
      "max": 16.0,
      "count": 13
    },
    "max_bucket_length": {
      "sum": 19.0,
      "avg": 1.4615384615384615,
      "min": 0.0,
      "p10": 0.0,
      "median": 1.0,
      "p75": 2.0,
      "max": 5.0,
      "count": 13
    }
  }
}