{
  "rtime": 1.8487019538879395,
  "utime": 1.701506,
  "stime": 0.053390999999999994,
  "cutime": 0.002913,
  "cstime": 0.004218,
  "minor_gb": 2.54327978938818,
  "promoted_gb": 0.027729623019695282,
  "major_gb": 0.03005300462245941,
  "allocated_gb": 2.545603170990944,
  "minor_collections": 332,
  "major_collections": 6,
  "compactions": 0,
  "top_heap_gb": 0.019054412841796875,
  "stack_kb": 0.3671875,
  "minor_heap_kb": 8192.0,
  "attributes_table": {
    "num_bindings": 15,
    "num_buckets": 16,
    "max_bucket_length": 2
  }
}