{
  "rtime": 0.024863004684448242,
  "utime": 0.012545999999999998,
  "stime": 0.004903999999999999,
  "cutime": 0.002864,
  "cstime": 0.004356,
  "minor_gb": 0.007269665598869324,
  "promoted_gb": 0.0015829727053642273,
  "major_gb": 0.0016182437539100647,
  "allocated_gb": 0.007304936647415161,
  "minor_collections": 5,
  "major_collections": 0,
  "compactions": 0,
  "top_heap_gb": 0.003662109375,
  "stack_kb": 0.3671875,
  "minor_heap_kb": 8192.0,
  "attributes_table": {
    "num_bindings": 0,
    "num_buckets": 16,
    "max_bucket_length": 0
  }
}