{
  "rtime": 43.737552881240845,
  "utime": 0.015541999999999999,
  "stime": 0.04,
  "cutime": 118.500807,
  "cstime": 6.378743,
  "minor_gb": 0.009217113256454468,
  "promoted_gb": 0.0015370026230812073,
  "major_gb": 0.003594309091567993,
  "allocated_gb": 0.011274419724941254,
  "minor_collections": 5,
  "major_collections": 0,
  "compactions": 0,
  "top_heap_gb": 0.003662109375,
  "stack_kb": 0.3671875,
  "minor_heap_kb": 8192.0,
  "attributes_table": {
    "num_bindings": 0,
    "num_buckets": 16,
    "max_bucket_length": 0
  }
}