{
  "rtime": 0.301800012588501,
  "utime": 0.253279,
  "stime": 0.019845,
  "cutime": 0.002791,
  "cstime": 0.003513,
  "minor_gb": 0.29985976219177246,
  "promoted_gb": 0.004545621573925018,
  "major_gb": 0.006653450429439545,
  "allocated_gb": 0.301967591047287,
  "minor_collections": 43,
  "major_collections": 1,
  "compactions": 0,
  "top_heap_gb": 0.00737762451171875,
  "stack_kb": 0.3671875,
  "minor_heap_kb": 8192.0,
  "attributes_table": {
    "num_bindings": 7,
    "num_buckets": 16,
    "max_bucket_length": 2
  }
}