{
  "rtime": 0.8305959701538086,
  "utime": 0.7044130000000001,
  "stime": 0.027673999999999997,
  "cutime": 0.002474,
  "cstime": 0.003109,
  "minor_gb": 1.0203609392046928,
  "promoted_gb": 0.007116638123989105,
  "major_gb": 0.009262785315513611,
  "allocated_gb": 1.0225070863962173,
  "minor_collections": 135,
  "major_collections": 2,
  "compactions": 0,
  "top_heap_gb": 0.009761810302734375,
  "stack_kb": 0.3671875,
  "minor_heap_kb": 8192.0,
  "attributes_table": {
    "num_bindings": 6,
    "num_buckets": 16,
    "max_bucket_length": 1
  }
}