{
  "rtime": 0.026805877685546875,
  "utime": 0.012388,
  "stime": 0.005059000000000001,
  "cutime": 0.003294,
  "cstime": 0.004851,
  "minor_gb": 0.00728125125169754,
  "promoted_gb": 0.0015829727053642273,
  "major_gb": 0.0016187801957130432,
  "allocated_gb": 0.007317058742046356,
  "minor_collections": 5,
  "major_collections": 0,
  "compactions": 0,
  "top_heap_gb": 0.003662109375,
  "stack_kb": 0.3671875,
  "minor_heap_kb": 8192.0,
  "attributes_table": {
    "num_bindings": 0,
    "num_buckets": 16,
    "max_bucket_length": 0
  }
}