{
  "rtime": 0.06199193000793457,
  "utime": 0.041232000000000005,
  "stime": 0.011646,
  "cutime": 0.002636,
  "cstime": 0.003054,
  "minor_gb": 0.01191449910402298,
  "promoted_gb": 0.0015829652547836304,
  "major_gb": 0.0036041364073753357,
  "allocated_gb": 0.013935670256614685,
  "minor_collections": 5,
  "major_collections": 0,
  "compactions": 0,
  "top_heap_gb": 0.003662109375,
  "stack_kb": 0.3671875,
  "minor_heap_kb": 8192.0,
  "attributes_table": {
    "num_bindings": 4,
    "num_buckets": 16,
    "max_bucket_length": 1
  }
}