{
  "rtime": 0.06692695617675781,
  "utime": 0.038285,
  "stime": 0.008155000000000001,
  "cutime": 0.002655,
  "cstime": 0.003249,
  "minor_gb": 0.010152950882911682,
  "promoted_gb": 0.0015829652547836304,
  "major_gb": 0.0035988464951515198,
  "allocated_gb": 0.012168832123279572,
  "minor_collections": 5,
  "major_collections": 0,
  "compactions": 0,
  "top_heap_gb": 0.003662109375,
  "stack_kb": 0.3671875,
  "minor_heap_kb": 8192.0,
  "attributes_table": {
    "num_bindings": 1,
    "num_buckets": 16,
    "max_bucket_length": 1
  }
}