{
  "rtime": 2.3267738819122314,
  "utime": 1.918475,
  "stime": 0.092838,
  "cutime": 0.002806,
  "cstime": 0.003434,
  "minor_gb": 2.9994922503829002,
  "promoted_gb": 0.013632476329803467,
  "major_gb": 0.016124702990055084,
  "allocated_gb": 3.001984477043152,
  "minor_collections": 390,
  "major_collections": 4,
  "compactions": 0,
  "top_heap_gb": 0.01088714599609375,
  "stack_kb": 0.3671875,
  "minor_heap_kb": 8192.0,
  "attributes_table": {
    "num_bindings": 28,
    "num_buckets": 16,
    "max_bucket_length": 5
  }
}