{
  "rtime": {
    "sum": 101.91163873672485,
    "avg": 3.1847387105226517,
    "min": 1.0171728134155273,
    "p10": 2.472395896911621,
    "median": 2.475551962852478,
    "p75": 2.4797600507736206,
    "max": 5.929205894470215,
    "count": 32
  },
  "utime": {
    "sum": 16.362788000000002,
    "avg": 0.5113371250000001,
    "min": 0.253253,
    "p10": 0.5049965000000001,
    "median": 0.5066105,
    "p75": 0.5091605,
    "max": 0.565843,
    "count": 32
  },
  "stime": {
    "sum": 3.4578789999999993,
    "avg": 0.10805871874999998,
    "min": 0.030413999999999997,
    "p10": 0.0997735,
    "median": 0.10102900000000001,
    "p75": 0.1025225,
    "max": 0.14475,
    "count": 32
  },
  "cutime": {
    "sum": 178.48846699999996,
    "avg": 5.577764593749999,
    "min": 1.328806,
    "p10": 4.953606,
    "median": 4.953606,
    "p75": 4.953606,
    "max": 8.324731,
    "count": 32
  },
  "cstime": {
    "sum": 6.771353999999998,
    "avg": 0.21160481249999993,
    "min": 0.105295,
    "p10": 0.204895,
    "median": 0.204895,
    "p75": 0.204895,
    "max": 0.249797,
    "count": 32
  },
  "minor_gb": {
    "sum": 7.644278012216091,
    "avg": 0.23888368788175285,
    "min": 0.043883681297302246,
    "p10": 0.24041802063584328,
    "median": 0.24140476062893867,
    "p75": 0.2420629747211933,
    "max": 0.25926046818494797,
    "count": 32
  },
  "promoted_gb": {
    "sum": 0.8139876127243042,
    "avg": 0.025437112897634506,
    "min": 0.012386821210384369,
    "p10": 0.025161460041999817,
    "median": 0.025161460041999817,
    "p75": 0.025887832045555115,
    "max": 0.028039000928401947,
    "count": 32
  },
  "major_gb": {
    "sum": 1.0030420795083046,
    "avg": 0.03134506498463452,
    "min": 0.0161883607506752,
    "p10": 0.03090149164199829,
    "median": 0.03204543888568878,
    "p75": 0.03204543888568878,
    "max": 0.03277181088924408,
    "count": 32
  },
  "allocated_gb": {
    "sum": 7.8333324790000916,
    "avg": 0.24479163996875286,
    "min": 0.04768522083759308,
    "p10": 0.24730199947953224,
    "median": 0.24828873947262764,
    "p75": 0.24894695356488228,
    "max": 0.2621229588985443,
    "count": 32
  },
  "minor_collections": {
    "sum": 1545.0,
    "avg": 48.28125,
    "min": 10.0,
    "p10": 49.0,
    "median": 49.0,
    "p75": 50.0,
    "max": 51.0,
    "count": 32
  },
  "major_collections": {
    "sum": 125.0,
    "avg": 3.90625,
    "min": 1.0,
    "p10": 4.0,
    "median": 4.0,
    "p75": 4.0,
    "max": 4.0,
    "count": 32
  },
  "compactions": {
    "sum": 0.0,
    "avg": 0.0,
    "min": 0.0,
    "p10": 0.0,
    "median": 0.0,
    "p75": 0.0,
    "max": 0.0,
    "count": 32
  },
  "top_heap_gb": {
    "sum": 0.9403915405273438,
    "avg": 0.029387235641479492,
    "min": 0.019496917724609375,
    "p10": 0.02965545654296875,
    "median": 0.02965545654296875,
    "p75": 0.02965545654296875,
    "max": 0.029880523681640625,
    "count": 32
  },
  "stack_kb": {
    "sum": 11.75,
    "avg": 0.3671875,
    "min": 0.3671875,
    "p10": 0.3671875,
    "median": 0.3671875,
    "p75": 0.3671875,
    "max": 0.3671875,
    "count": 32
  },
  "minor_heap_kb": {
    "sum": 262144.0,
    "avg": 8192.0,
    "min": 8192.0,
    "p10": 8192.0,
    "median": 8192.0,
    "p75": 8192.0,
    "max": 8192.0,
    "count": 32
  },
  "attributes_table": {
    "num_bindings": {
      "sum": 0.0,
      "avg": 0.0,
      "min": 0.0,
      "p10": 0.0,
      "median": 0.0,
      "p75": 0.0,
      "max": 0.0,
      "count": 32
    },
    "num_buckets": {
      "sum": 512.0,
      "avg": 16.0,
      "min": 16.0,
      "p10": 16.0,
      "median": 16.0,
      "p75": 16.0,
      "max": 16.0,
      "count": 32
    },
    "max_bucket_length": {
      "sum": 0.0,
      "avg": 0.0,
      "min": 0.0,
      "p10": 0.0,
      "median": 0.0,
      "p75": 0.0,
      "max": 0.0,
      "count": 32
    }
  }
}