{
  "rtime": 65.73600316047668,
  "utime": 0.022446999999999998,
  "stime": 0.09235599999999999,
  "cutime": 156.363091,
  "cstime": 9.158848000000001,
  "minor_gb": 0.010218247771263123,
  "promoted_gb": 0.0015370622277259827,
  "major_gb": 0.0055472999811172485,
  "allocated_gb": 0.014228485524654388,
  "minor_collections": 5,
  "major_collections": 0,
  "compactions": 0,
  "top_heap_gb": 0.005573272705078125,
  "stack_kb": 0.3671875,
  "minor_heap_kb": 8192.0,
  "attributes_table": {
    "num_bindings": 0,
    "num_buckets": 16,
    "max_bucket_length": 0
  }
}