{
  "rtime": {
    "sum": 22.126245975494385,
    "avg": 1.8438538312911987,
    "min": 1.8255269527435303,
    "p10": 1.8258804082870483,
    "median": 1.8292468786239624,
    "p75": 1.861358404159546,
    "max": 1.8922150135040283,
    "count": 12
  },
  "utime": {
    "sum": 4.913862999999999,
    "avg": 0.40948858333333327,
    "min": 0.398254,
    "p10": 0.3984405,
    "median": 0.4012965,
    "p75": 0.420326,
    "max": 0.437451,
    "count": 12
  },
  "stime": {
    "sum": 0.7306589999999999,
    "avg": 0.06088825,
    "min": 0.051847,
    "p10": 0.0520125,
    "median": 0.052458000000000005,
    "p75": 0.06951400000000001,
    "max": 0.087255,
    "count": 12
  },
  "cutime": {
    "sum": 39.117399,
    "avg": 3.25978325,
    "min": 3.239279,
    "p10": 3.239279,
    "median": 3.2666180000000002,
    "p75": 3.2666180000000002,
    "max": 3.2666180000000002,
    "count": 12
  },
  "cstime": {
    "sum": 2.167674,
    "avg": 0.18063949999999998,
    "min": 0.177265,
    "p10": 0.177265,
    "median": 0.177265,
    "p75": 0.184014,
    "max": 0.190763,
    "count": 12
  },
  "minor_gb": {
    "sum": 1.7873760536313057,
    "avg": 0.14894800446927547,
    "min": 0.14430411905050278,
    "p10": 0.14442915469408035,
    "median": 0.14476294815540314,
    "p75": 0.1533142291009426,
    "max": 0.16223832219839096,
    "count": 12
  },
  "promoted_gb": {
    "sum": 0.24347352236509323,
    "avg": 0.020289460197091103,
    "min": 0.019765779376029968,
    "p10": 0.019765779376029968,
    "median": 0.019765779376029968,
    "p75": 0.020813141018152237,
    "max": 0.021860502660274506,
    "count": 12
  },
  "major_gb": {
    "sum": 0.29265669733285904,
    "avg": 0.024388058111071587,
    "min": 0.024265743792057037,
    "p10": 0.024265743792057037,
    "median": 0.024428829550743103,
    "p75": 0.024428829550743103,
    "max": 0.024428829550743103,
    "count": 12
  },
  "allocated_gb": {
    "sum": 1.8365592285990715,
    "avg": 0.15304660238325596,
    "min": 0.1489671692252159,
    "p10": 0.1490922048687935,
    "median": 0.14942599833011627,
    "p75": 0.15684837475419044,
    "max": 0.1646435633301735,
    "count": 12
  },
  "minor_collections": {
    "sum": 333.0,
    "avg": 27.75,
    "min": 27.0,
    "p10": 27.0,
    "median": 27.0,
    "p75": 28.5,
    "max": 30.0,
    "count": 12
  },
  "major_collections": {
    "sum": 36.0,
    "avg": 3.0,
    "min": 3.0,
    "p10": 3.0,
    "median": 3.0,
    "p75": 3.0,
    "max": 3.0,
    "count": 12
  },
  "compactions": {
    "sum": 0.0,
    "avg": 0.0,
    "min": 0.0,
    "p10": 0.0,
    "median": 0.0,
    "p75": 0.0,
    "max": 0.0,
    "count": 12
  },
  "top_heap_gb": {
    "sum": 0.25762939453125,
    "avg": 0.0214691162109375,
    "min": 0.02109527587890625,
    "p10": 0.02109527587890625,
    "median": 0.02109527587890625,
    "p75": 0.02184295654296875,
    "max": 0.02259063720703125,
    "count": 12
  },
  "stack_kb": {
    "sum": 4.40625,
    "avg": 0.3671875,
    "min": 0.3671875,
    "p10": 0.3671875,
    "median": 0.3671875,
    "p75": 0.3671875,
    "max": 0.3671875,
    "count": 12
  },
  "minor_heap_kb": {
    "sum": 98304.0,
    "avg": 8192.0,
    "min": 8192.0,
    "p10": 8192.0,
    "median": 8192.0,
    "p75": 8192.0,
    "max": 8192.0,
    "count": 12
  },
  "attributes_table": {
    "num_bindings": {
      "sum": 0.0,
      "avg": 0.0,
      "min": 0.0,
      "p10": 0.0,
      "median": 0.0,
      "p75": 0.0,
      "max": 0.0,
      "count": 12
    },
    "num_buckets": {
      "sum": 192.0,
      "avg": 16.0,
      "min": 16.0,
      "p10": 16.0,
      "median": 16.0,
      "p75": 16.0,
      "max": 16.0,
      "count": 12
    },
    "max_bucket_length": {
      "sum": 0.0,
      "avg": 0.0,
      "min": 0.0,
      "p10": 0.0,
      "median": 0.0,
      "p75": 0.0,
      "max": 0.0,
      "count": 12
    }
  }
}