{
  "rtime": 1.890671968460083,
  "utime": 0.436794,
  "stime": 0.086411,
  "cutime": 3.239279,
  "cstime": 0.190763,
  "minor_gb": 0.1617404967546463,
  "promoted_gb": 0.021860502660274506,
  "major_gb": 0.024265743792057037,
  "allocated_gb": 0.16414573788642883,
  "minor_collections": 30,
  "major_collections": 3,
  "compactions": 0,
  "top_heap_gb": 0.02259063720703125,
  "stack_kb": 0.3671875,
  "minor_heap_kb": 8192.0,
  "attributes_table": {
    "num_bindings": 0,
    "num_buckets": 16,
    "max_bucket_length": 0
  }
}