{
  "rtime": 1.8322207927703857,
  "utime": 0.403926,
  "stime": 0.05271,
  "cutime": 3.2666180000000002,
  "cstime": 0.177265,
  "minor_gb": 0.1448879837989807,
  "promoted_gb": 0.019765779376029968,
  "major_gb": 0.024428829550743103,
  "allocated_gb": 0.14955103397369385,
  "minor_collections": 27,
  "major_collections": 3,
  "compactions": 0,
  "top_heap_gb": 0.02109527587890625,
  "stack_kb": 0.3671875,
  "minor_heap_kb": 8192.0,
  "attributes_table": {
    "num_bindings": 0,
    "num_buckets": 16,
    "max_bucket_length": 0
  }
}