{
  "rtime": 21.88475012779236,
  "utime": 0.017273999999999998,
  "stime": 0.05009899999999999,
  "cutime": 19.009934,
  "cstime": 2.2517110000000002,
  "minor_gb": 0.009477905929088593,
  "promoted_gb": 0.0015378817915916443,
  "major_gb": 0.00270872563123703,
  "allocated_gb": 0.010648749768733978,
  "minor_collections": 5,
  "major_collections": 0,
  "compactions": 0,
  "top_heap_gb": 0.003662109375,
  "stack_kb": 0.3671875,
  "minor_heap_kb": 8192.0,
  "attributes_table": {
    "num_bindings": 0,
    "num_buckets": 16,
    "max_bucket_length": 0
  }
}