{
  "rtime": {
    "sum": 14.6681227684021,
    "avg": 0.4444885687394576,
    "min": 0.024670839309692383,
    "p10": 0.028237462043762207,
    "median": 0.29216814041137695,
    "p75": 0.4301891326904297,
    "max": 2.5690901279449463,
    "count": 33
  },
  "utime": {
    "sum": 11.183107999999999,
    "avg": 0.3388820606060606,
    "min": 0.011772000000000001,
    "p10": 0.012282499999999998,
    "median": 0.232641,
    "p75": 0.321163,
    "max": 2.1337940000000004,
    "count": 33
  },
  "stime": {
    "sum": 0.7613770000000003,
    "avg": 0.023072030303030313,
    "min": 0.004458,
    "p10": 0.004952500000000001,
    "median": 0.026617000000000002,
    "p75": 0.029671999999999997,
    "max": 0.056837,
    "count": 33
  },
  "cutime": {
    "sum": 1.42601,
    "avg": 0.04321242424242424,
    "min": 0.002711,
    "p10": 0.0028685,
    "median": 0.003008,
    "p75": 0.003183,
    "max": 1.328806,
    "count": 33
  },
  "cstime": {
    "sum": 0.23708799999999994,
    "avg": 0.007184484848484846,
    "min": 0.003522,
    "p10": 0.0037815,
    "median": 0.004131,
    "p75": 0.004407,
    "max": 0.105295,
    "count": 33
  },
  "minor_gb": {
    "sum": 14.447226397693157,
    "avg": 0.43779473932403506,
    "min": 0.00720098614692688,
    "p10": 0.007266562432050705,
    "median": 0.28731853514909744,
    "p75": 0.44165074825286865,
    "max": 2.820053391158581,
    "count": 33
  },
  "promoted_gb": {
    "sum": 0.18933244794607162,
    "avg": 0.005737346907456716,
    "min": 0.0015830621123313904,
    "p10": 0.0015830621123313904,
    "median": 0.0038541778922080994,
    "p75": 0.004183657467365265,
    "max": 0.030904166400432587,
    "count": 33
  },
  "major_gb": {
    "sum": 0.2658020555973053,
    "avg": 0.008054607745372888,
    "min": 0.0016157254576683044,
    "p10": 0.0016182959079742432,
    "median": 0.006709642708301544,
    "p75": 0.0069818198680877686,
    "max": 0.03395119309425354,
    "count": 33
  },
  "allocated_gb": {
    "sum": 14.52369600534439,
    "avg": 0.44011200016195123,
    "min": 0.007233649492263794,
    "p10": 0.007301796227693558,
    "median": 0.29023563116788864,
    "p75": 0.4444456845521927,
    "max": 2.823115259408951,
    "count": 33
  },
  "minor_collections": {
    "sum": 1990.0,
    "avg": 60.303030303030305,
    "min": 5.0,
    "p10": 5.0,
    "median": 41.0,
    "p75": 61.0,
    "max": 368.0,
    "count": 33
  },
  "major_collections": {
    "sum": 34.0,
    "avg": 1.0303030303030303,
    "min": 0.0,
    "p10": 0.0,
    "median": 1.0,
    "p75": 1.0,
    "max": 6.0,
    "count": 33
  },
  "compactions": {
    "sum": 0.0,
    "avg": 0.0,
    "min": 0.0,
    "p10": 0.0,
    "median": 0.0,
    "p75": 0.0,
    "max": 0.0,
    "count": 33
  },
  "top_heap_gb": {
    "sum": 0.2960395812988281,
    "avg": 0.008970896402994791,
    "min": 0.003662109375,
    "p10": 0.003662109375,
    "median": 0.00830841064453125,
    "p75": 0.00830841064453125,
    "max": 0.022121429443359375,
    "count": 33
  },
  "stack_kb": {
    "sum": 12.1171875,
    "avg": 0.3671875,
    "min": 0.3671875,
    "p10": 0.3671875,
    "median": 0.3671875,
    "p75": 0.3671875,
    "max": 0.3671875,
    "count": 33
  },
  "minor_heap_kb": {
    "sum": 270336.0,
    "avg": 8192.0,
    "min": 8192.0,
    "p10": 8192.0,
    "median": 8192.0,
    "p75": 8192.0,
    "max": 8192.0,
    "count": 33
  },
  "attributes_table": {
    "num_bindings": {
      "sum": 155.0,
      "avg": 4.696969696969697,
      "min": 0.0,
      "p10": 0.0,
      "median": 4.0,
      "p75": 6.0,
      "max": 17.0,
      "count": 33
    },
    "num_buckets": {
      "sum": 528.0,
      "avg": 16.0,
      "min": 16.0,
      "p10": 16.0,
      "median": 16.0,
      "p75": 16.0,
      "max": 16.0,
      "count": 33
    },
    "max_bucket_length": {
      "sum": 46.0,
      "avg": 1.393939393939394,
      "min": 0.0,
      "p10": 0.0,
      "median": 1.0,
      "p75": 2.0,
      "max": 4.0,
      "count": 33
    }
  }
}