{
  "rtime": 0.4550189971923828,
  "utime": 0.357221,
  "stime": 0.032011,
  "cutime": 0.003101,
  "cstime": 0.003945,
  "minor_gb": 0.4863395094871521,
  "promoted_gb": 0.004311107099056244,
  "major_gb": 0.007091328501701355,
  "allocated_gb": 0.4891197308897972,
  "minor_collections": 66,
  "major_collections": 1,
  "compactions": 0,
  "top_heap_gb": 0.00830841064453125,
  "stack_kb": 0.3671875,
  "minor_heap_kb": 8192.0,
  "attributes_table": {
    "num_bindings": 4,
    "num_buckets": 16,
    "max_bucket_length": 1
  }
}