{
  "rtime": 0.14638185501098633,
  "utime": 0.07166800000000001,
  "stime": 0.014372,
  "cutime": 0.003008,
  "cstime": 0.004289,
  "minor_gb": 0.05261713266372681,
  "promoted_gb": 0.0027980878949165344,
  "major_gb": 0.00550532341003418,
  "allocated_gb": 0.05532436817884445,
  "minor_collections": 10,
  "major_collections": 0,
  "compactions": 0,
  "top_heap_gb": 0.00830841064453125,
  "stack_kb": 0.3671875,
  "minor_heap_kb": 8192.0,
  "attributes_table": {
    "num_bindings": 3,
    "num_buckets": 16,
    "max_bucket_length": 1
  }
}