{
  "rtime": 0.024988889694213867,
  "utime": 0.012103999999999997,
  "stime": 0.004980999999999999,
  "cutime": 0.002925,
  "cstime": 0.003821,
  "minor_gb": 0.007296562194824219,
  "promoted_gb": 0.0015830621123313904,
  "major_gb": 0.001619577407836914,
  "allocated_gb": 0.007333077490329742,
  "minor_collections": 5,
  "major_collections": 0,
  "compactions": 0,
  "top_heap_gb": 0.003662109375,
  "stack_kb": 0.3671875,
  "minor_heap_kb": 8192.0,
  "attributes_table": {
    "num_bindings": 0,
    "num_buckets": 16,
    "max_bucket_length": 0
  }
}