{
  "rtime": 0.027456998825073242,
  "utime": 0.011950000000000002,
  "stime": 0.004896000000000001,
  "cutime": 0.002997,
  "cstime": 0.004003,
  "minor_gb": 0.007265947759151459,
  "promoted_gb": 0.0015830621123313904,
  "major_gb": 0.0016182586550712585,
  "allocated_gb": 0.007301144301891327,
  "minor_collections": 5,
  "major_collections": 0,
  "compactions": 0,
  "top_heap_gb": 0.003662109375,
  "stack_kb": 0.3671875,
  "minor_heap_kb": 8192.0,
  "attributes_table": {
    "num_bindings": 0,
    "num_buckets": 16,
    "max_bucket_length": 0
  }
}