{
  "rtime": 2.5690901279449463,
  "utime": 2.1337940000000004,
  "stime": 0.056837,
  "cutime": 0.002983,
  "cstime": 0.003922,
  "minor_gb": 2.820053391158581,
  "promoted_gb": 0.030345633625984192,
  "major_gb": 0.03340750187635422,
  "allocated_gb": 2.823115259408951,
  "minor_collections": 368,
  "major_collections": 6,
  "compactions": 0,
  "top_heap_gb": 0.022121429443359375,
  "stack_kb": 0.3671875,
  "minor_heap_kb": 8192.0,
  "attributes_table": {
    "num_bindings": 17,
    "num_buckets": 16,
    "max_bucket_length": 3
  }
}