{
  "rtime": 0.17204618453979492,
  "utime": 0.129081,
  "stime": 0.029671999999999997,
  "cutime": 0.00319,
  "cstime": 0.004385,
  "minor_gb": 0.1204388439655304,
  "promoted_gb": 0.00311482697725296,
  "major_gb": 0.0058611854910850525,
  "allocated_gb": 0.12318520247936249,
  "minor_collections": 20,
  "major_collections": 1,
  "compactions": 0,
  "top_heap_gb": 0.00830841064453125,
  "stack_kb": 0.3671875,
  "minor_heap_kb": 8192.0,
  "attributes_table": {
    "num_bindings": 6,
    "num_buckets": 16,
    "max_bucket_length": 2
  }
}