{
  "rtime": 0.29216814041137695,
  "utime": 0.227711,
  "stime": 0.027680999999999997,
  "cutime": 0.003332,
  "cstime": 0.004739,
  "minor_gb": 0.28731853514909744,
  "promoted_gb": 0.0037828460335731506,
  "major_gb": 0.006699942052364349,
  "allocated_gb": 0.29023563116788864,
  "minor_collections": 41,
  "major_collections": 1,
  "compactions": 0,
  "top_heap_gb": 0.00830841064453125,
  "stack_kb": 0.3671875,
  "minor_heap_kb": 8192.0,
  "attributes_table": {
    "num_bindings": 8,
    "num_buckets": 16,
    "max_bucket_length": 3
  }
}