{
  "rtime": 0.377291202545166,
  "utime": 0.321163,
  "stime": 0.032437,
  "cutime": 0.003091,
  "cstime": 0.004261,
  "minor_gb": 0.44165074825286865,
  "promoted_gb": 0.004221796989440918,
  "major_gb": 0.007016733288764954,
  "allocated_gb": 0.4444456845521927,
  "minor_collections": 61,
  "major_collections": 1,
  "compactions": 0,
  "top_heap_gb": 0.00830841064453125,
  "stack_kb": 0.3671875,
  "minor_heap_kb": 8192.0,
  "attributes_table": {
    "num_bindings": 6,
    "num_buckets": 16,
    "max_bucket_length": 1
  }
}