{
  "rtime": 0.36458301544189453,
  "utime": 0.282615,
  "stime": 0.027762000000000002,
  "cutime": 0.003322,
  "cstime": 0.004493,
  "minor_gb": 0.38768722116947174,
  "promoted_gb": 0.00402320921421051,
  "major_gb": 0.006848789751529694,
  "allocated_gb": 0.3905128017067909,
  "minor_collections": 54,
  "major_collections": 1,
  "compactions": 0,
  "top_heap_gb": 0.00830841064453125,
  "stack_kb": 0.3671875,
  "minor_heap_kb": 8192.0,
  "attributes_table": {
    "num_bindings": 5,
    "num_buckets": 16,
    "max_bucket_length": 3
  }
}