{
  "rtime": 0.10354399681091309,
  "utime": 0.07542500000000001,
  "stime": 0.017087,
  "cutime": 0.003171,
  "cstime": 0.004348,
  "minor_gb": 0.052609480917453766,
  "promoted_gb": 0.0028003156185150146,
  "major_gb": 0.005507320165634155,
  "allocated_gb": 0.055316485464572906,
  "minor_collections": 10,
  "major_collections": 0,
  "compactions": 0,
  "top_heap_gb": 0.00830841064453125,
  "stack_kb": 0.3671875,
  "minor_heap_kb": 8192.0,
  "attributes_table": {
    "num_bindings": 3,
    "num_buckets": 16,
    "max_bucket_length": 1
  }
}