{
  "rtime": 0.2840569019317627,
  "utime": 0.232641,
  "stime": 0.026617000000000002,
  "cutime": 0.003008,
  "cstime": 0.003934,
  "minor_gb": 0.2954150512814522,
  "promoted_gb": 0.0038541778922080994,
  "major_gb": 0.00676342099905014,
  "allocated_gb": 0.2983242943882942,
  "minor_collections": 42,
  "major_collections": 1,
  "compactions": 0,
  "top_heap_gb": 0.00830841064453125,
  "stack_kb": 0.3671875,
  "minor_heap_kb": 8192.0,
  "attributes_table": {
    "num_bindings": 7,
    "num_buckets": 16,
    "max_bucket_length": 2
  }
}