{
  "rtime": 0.029017925262451172,
  "utime": 0.012895,
  "stime": 0.0049790000000000025,
  "cutime": 0.003379,
  "cstime": 0.004598,
  "minor_gb": 0.007242418825626373,
  "promoted_gb": 0.0015830621123313904,
  "major_gb": 0.0016174167394638062,
  "allocated_gb": 0.007276773452758789,
  "minor_collections": 5,
  "major_collections": 0,
  "compactions": 0,
  "top_heap_gb": 0.003662109375,
  "stack_kb": 0.3671875,
  "minor_heap_kb": 8192.0,
  "attributes_table": {
    "num_bindings": 0,
    "num_buckets": 16,
    "max_bucket_length": 0
  }
}