{
  "rtime": 0.09046697616577148,
  "utime": 0.060678,
  "stime": 0.020763999999999998,
  "cutime": 0.00292,
  "cstime": 0.003789,
  "minor_gb": 0.02717665582895279,
  "promoted_gb": 0.002706475555896759,
  "major_gb": 0.00539928674697876,
  "allocated_gb": 0.02986946702003479,
  "minor_collections": 7,
  "major_collections": 0,
  "compactions": 0,
  "top_heap_gb": 0.00830841064453125,
  "stack_kb": 0.3671875,
  "minor_heap_kb": 8192.0,
  "attributes_table": {
    "num_bindings": 11,
    "num_buckets": 16,
    "max_bucket_length": 4
  }
}