{
  "rtime": 0.3612031936645508,
  "utime": 0.29314900000000005,
  "stime": 0.029027,
  "cutime": 0.00286,
  "cstime": 0.003533,
  "minor_gb": 0.4065912589430809,
  "promoted_gb": 0.004092201590538025,
  "major_gb": 0.006876826286315918,
  "allocated_gb": 0.4093758836388588,
  "minor_collections": 56,
  "major_collections": 1,
  "compactions": 0,
  "top_heap_gb": 0.00830841064453125,
  "stack_kb": 0.3671875,
  "minor_heap_kb": 8192.0,
  "attributes_table": {
    "num_bindings": 4,
    "num_buckets": 16,
    "max_bucket_length": 2
  }
}