{
  "rtime": 0.06471681594848633,
  "utime": 0.040296,
  "stime": 0.009711000000000001,
  "cutime": 0.002732,
  "cstime": 0.003793,
  "minor_gb": 0.011224627494812012,
  "promoted_gb": 0.0015830621123313904,
  "major_gb": 0.004240602254867554,
  "allocated_gb": 0.013882167637348175,
  "minor_collections": 5,
  "major_collections": 0,
  "compactions": 0,
  "top_heap_gb": 0.00830841064453125,
  "stack_kb": 0.3671875,
  "minor_heap_kb": 8192.0,
  "attributes_table": {
    "num_bindings": 1,
    "num_buckets": 16,
    "max_bucket_length": 1
  }
}