{
  "rtime": 0.353363037109375,
  "utime": 0.282264,
  "stime": 0.028532000000000002,
  "cutime": 0.003218,
  "cstime": 0.004507,
  "minor_gb": 0.3765726014971733,
  "promoted_gb": 0.003951035439968109,
  "major_gb": 0.00671318918466568,
  "allocated_gb": 0.3793347552418709,
  "minor_collections": 52,
  "major_collections": 1,
  "compactions": 0,
  "top_heap_gb": 0.00830841064453125,
  "stack_kb": 0.3671875,
  "minor_heap_kb": 8192.0,
  "attributes_table": {
    "num_bindings": 4,
    "num_buckets": 16,
    "max_bucket_length": 2
  }
}