{
  "rtime": 0.029195785522460938,
  "utime": 0.012461,
  "stime": 0.004926,
  "cutime": 0.00306,
  "cstime": 0.004407,
  "minor_gb": 0.007240630686283112,
  "promoted_gb": 0.0015830621123313904,
  "major_gb": 0.0016172975301742554,
  "allocated_gb": 0.0072748661041259766,
  "minor_collections": 5,
  "major_collections": 0,
  "compactions": 0,
  "top_heap_gb": 0.003662109375,
  "stack_kb": 0.3671875,
  "minor_heap_kb": 8192.0,
  "attributes_table": {
    "num_bindings": 0,
    "num_buckets": 16,
    "max_bucket_length": 0
  }
}