{
  "rtime": 0.024670839309692383,
  "utime": 0.011903,
  "stime": 0.004458,
  "cutime": 0.003079,
  "cstime": 0.004211,
  "minor_gb": 0.007267177104949951,
  "promoted_gb": 0.0015830621123313904,
  "major_gb": 0.0016183331608772278,
  "allocated_gb": 0.007302448153495789,
  "minor_collections": 5,
  "major_collections": 0,
  "compactions": 0,
  "top_heap_gb": 0.003662109375,
  "stack_kb": 0.3671875,
  "minor_heap_kb": 8192.0,
  "attributes_table": {
    "num_bindings": 0,
    "num_buckets": 16,
    "max_bucket_length": 0
  }
}