{
  "rtime": {
    "sum": 189.6387917995453,
    "avg": 3.5780904113121754,
    "min": 0.026495933532714844,
    "p10": 0.02807462215423584,
    "median": 1.2944319248199463,
    "p75": 5.696487903594971,
    "max": 18.081721782684326,
    "count": 53
  },
  "utime": {
    "sum": 171.80496699999998,
    "avg": 3.2416031509433956,
    "min": 0.011199,
    "p10": 0.012885,
    "median": 1.112038,
    "p75": 5.241132,
    "max": 16.750355,
    "count": 53
  },
  "stime": {
    "sum": 3.679878,
    "avg": 0.06943166037735848,
    "min": 0.003097000000000001,
    "p10": 0.004856,
    "median": 0.056374999999999995,
    "p75": 0.109815,
    "max": 0.276863,
    "count": 53
  },
  "cutime": {
    "sum": 6.430676999999998,
    "avg": 0.12133352830188676,
    "min": 0.003342,
    "p10": 0.0035775,
    "median": 0.003713,
    "p75": 0.003788,
    "max": 6.238049,
    "count": 53
  },
  "cstime": {
    "sum": 0.539238,
    "avg": 0.010174301886792452,
    "min": 0.004633,
    "p10": 0.005602,
    "median": 0.00598,
    "p75": 0.006209,
    "max": 0.229928,
    "count": 53
  },
  "minor_gb": {
    "sum": 264.47191604971886,
    "avg": 4.990036151881488,
    "min": 0.007162302732467651,
    "p10": 0.007255934178829193,
    "median": 1.6670112386345863,
    "p75": 8.413876667618752,
    "max": 27.523673452436924,
    "count": 53
  },
  "promoted_gb": {
    "sum": 1.2664874121546745,
    "avg": 0.023895988908578764,
    "min": 0.0015829503536224365,
    "p10": 0.0015829503536224365,
    "median": 0.010537989437580109,
    "p75": 0.043201103806495667,
    "max": 0.11620976775884628,
    "count": 53
  },
  "major_gb": {
    "sum": 1.4597553461790085,
    "avg": 0.027542553701490727,
    "min": 0.0016134902834892273,
    "p10": 0.0017676837742328644,
    "median": 0.013903960585594177,
    "p75": 0.05160614848136902,
    "max": 0.12085659056901932,
    "count": 53
  },
  "allocated_gb": {
    "sum": 264.6651839837432,
    "avg": 4.9936827166744,
    "min": 0.007192842662334442,
    "p10": 0.007434319704771042,
    "median": 1.6711537390947342,
    "p75": 8.417416766285896,
    "max": 27.528320275247097,
    "count": 53
  },
  "minor_collections": {
    "sum": 34222.0,
    "avg": 645.6981132075472,
    "min": 5.0,
    "p10": 5.0,
    "median": 219.0,
    "p75": 1086.0,
    "max": 3539.0,
    "count": 53
  },
  "major_collections": {
    "sum": 285.0,
    "avg": 5.377358490566038,
    "min": 0.0,
    "p10": 0.0,
    "median": 3.0,
    "p75": 10.0,
    "max": 23.0,
    "count": 53
  },
  "compactions": {
    "sum": 0.0,
    "avg": 0.0,
    "min": 0.0,
    "p10": 0.0,
    "median": 0.0,
    "p75": 0.0,
    "max": 0.0,
    "count": 53
  },
  "top_heap_gb": {
    "sum": 0.7138633728027344,
    "avg": 0.013469120241561026,
    "min": 0.003662109375,
    "p10": 0.003662109375,
    "median": 0.011516571044921875,
    "p75": 0.01751708984375,
    "max": 0.04602813720703125,
    "count": 53
  },
  "stack_kb": {
    "sum": 19.4609375,
    "avg": 0.3671875,
    "min": 0.3671875,
    "p10": 0.3671875,
    "median": 0.3671875,
    "p75": 0.3671875,
    "max": 0.3671875,
    "count": 53
  },
  "minor_heap_kb": {
    "sum": 434176.0,
    "avg": 8192.0,
    "min": 8192.0,
    "p10": 8192.0,
    "median": 8192.0,
    "p75": 8192.0,
    "max": 8192.0,
    "count": 53
  },
  "attributes_table": {
    "num_bindings": {
      "sum": 786.0,
      "avg": 14.830188679245284,
      "min": 0.0,
      "p10": 0.0,
      "median": 12.0,
      "p75": 22.0,
      "max": 77.0,
      "count": 53
    },
    "num_buckets": {
      "sum": 992.0,
      "avg": 18.71698113207547,
      "min": 16.0,
      "p10": 16.0,
      "median": 16.0,
      "p75": 16.0,
      "max": 64.0,
      "count": 53
    },
    "max_bucket_length": {
      "sum": 125.0,
      "avg": 2.358490566037736,
      "min": 0.0,
      "p10": 0.0,
      "median": 2.0,
      "p75": 4.0,
      "max": 5.0,
      "count": 53
    }
  }
}