{
  "rtime": 0.18025588989257812,
  "utime": 0.11823399999999999,
  "stime": 0.023701,
  "cutime": 0.003703,
  "cstime": 0.005597,
  "minor_gb": 0.12145394831895828,
  "promoted_gb": 0.0030882954597473145,
  "major_gb": 0.006048575043678284,
  "allocated_gb": 0.12441422790288925,
  "minor_collections": 20,
  "major_collections": 1,
  "compactions": 0,
  "top_heap_gb": 0.00870513916015625,
  "stack_kb": 0.3671875,
  "minor_heap_kb": 8192.0,
  "attributes_table": {
    "num_bindings": 9,
    "num_buckets": 16,
    "max_bucket_length": 2
  }
}