{
  "rtime": 0.07238006591796875,
  "utime": 0.04186000000000001,
  "stime": 0.011465000000000001,
  "cutime": 0.003658,
  "cstime": 0.005888,
  "minor_gb": 0.01014629751443863,
  "promoted_gb": 0.0015829503536224365,
  "major_gb": 0.004459351301193237,
  "allocated_gb": 0.01302269846200943,
  "minor_collections": 5,
  "major_collections": 0,
  "compactions": 0,
  "top_heap_gb": 0.00870513916015625,
  "stack_kb": 0.3671875,
  "minor_heap_kb": 8192.0,
  "attributes_table": {
    "num_bindings": 1,
    "num_buckets": 16,
    "max_bucket_length": 1
  }
}