{
  "rtime": 9.379719972610474,
  "utime": 8.691339000000001,
  "stime": 0.145549,
  "cutime": 0.003632,
  "cstime": 0.005592,
  "minor_gb": 15.019131824374199,
  "promoted_gb": 0.07587357610464096,
  "major_gb": 0.08113951981067657,
  "allocated_gb": 15.024397768080235,
  "minor_collections": 1934,
  "major_collections": 15,
  "compactions": 0,
  "top_heap_gb": 0.0237884521484375,
  "stack_kb": 0.3671875,
  "minor_heap_kb": 8192.0,
  "attributes_table": {
    "num_bindings": 28,
    "num_buckets": 16,
    "max_bucket_length": 4
  }
}