{
  "rtime": 7.292205095291138,
  "utime": 6.616007,
  "stime": 0.13713499999999998,
  "cutime": 0.003747,
  "cstime": 0.005923,
  "minor_gb": 11.327292419970036,
  "promoted_gb": 0.05061302334070206,
  "major_gb": 0.05441507697105408,
  "allocated_gb": 11.331094473600388,
  "minor_collections": 1460,
  "major_collections": 12,
  "compactions": 0,
  "top_heap_gb": 0.015232086181640625,
  "stack_kb": 0.3671875,
  "minor_heap_kb": 8192.0,
  "attributes_table": {
    "num_bindings": 26,
    "num_buckets": 16,
    "max_bucket_length": 4
  }
}