{
  "rtime": 0.027891159057617188,
  "utime": 0.013024,
  "stime": 0.004737,
  "cutime": 0.003617,
  "cstime": 0.005926,
  "minor_gb": 0.007218994200229645,
  "promoted_gb": 0.0015829503536224365,
  "major_gb": 0.0016163140535354614,
  "allocated_gb": 0.00725235790014267,
  "minor_collections": 5,
  "major_collections": 0,
  "compactions": 0,
  "top_heap_gb": 0.003662109375,
  "stack_kb": 0.3671875,
  "minor_heap_kb": 8192.0,
  "attributes_table": {
    "num_bindings": 0,
    "num_buckets": 16,
    "max_bucket_length": 0
  }
}