{
  "rtime": 2.930773973464966,
  "utime": 2.650354,
  "stime": 0.10429400000000001,
  "cutime": 0.003342,
  "cstime": 0.005607,
  "minor_gb": 4.182948932051659,
  "promoted_gb": 0.021600738167762756,
  "major_gb": 0.025582537055015564,
  "allocated_gb": 4.186930730938911,
  "minor_collections": 542,
  "major_collections": 6,
  "compactions": 0,
  "top_heap_gb": 0.015232086181640625,
  "stack_kb": 0.3671875,
  "minor_heap_kb": 8192.0,
  "attributes_table": {
    "num_bindings": 38,
    "num_buckets": 32,
    "max_bucket_length": 4
  }
}