{
  "rtime": 0.12172198295593262,
  "utime": 0.07400599999999999,
  "stime": 0.023920999999999998,
  "cutime": 0.00359,
  "cstime": 0.00577,
  "minor_gb": 0.04531450569629669,
  "promoted_gb": 0.002840586006641388,
  "major_gb": 0.005770839750766754,
  "allocated_gb": 0.04824475944042206,
  "minor_collections": 9,
  "major_collections": 0,
  "compactions": 0,
  "top_heap_gb": 0.00870513916015625,
  "stack_kb": 0.3671875,
  "minor_heap_kb": 8192.0,
  "attributes_table": {
    "num_bindings": 13,
    "num_buckets": 16,
    "max_bucket_length": 3
  }
}