{
  "rtime": 0.0943140983581543,
  "utime": 0.06590799999999999,
  "stime": 0.016835000000000003,
  "cutime": 0.003621,
  "cstime": 0.005963,
  "minor_gb": 0.04049114137887955,
  "promoted_gb": 0.0027756839990615845,
  "major_gb": 0.005849093198776245,
  "allocated_gb": 0.04356455057859421,
  "minor_collections": 9,
  "major_collections": 0,
  "compactions": 0,
  "top_heap_gb": 0.00870513916015625,
  "stack_kb": 0.3671875,
  "minor_heap_kb": 8192.0,
  "attributes_table": {
    "num_bindings": 3,
    "num_buckets": 16,
    "max_bucket_length": 1
  }
}