{
  "rtime": 0.10981607437133789,
  "utime": 0.079738,
  "stime": 0.016725999999999998,
  "cutime": 0.003759,
  "cstime": 0.005879,
  "minor_gb": 0.06596504151821136,
  "promoted_gb": 0.002870507538318634,
  "major_gb": 0.005834564566612244,
  "allocated_gb": 0.06892909854650497,
  "minor_collections": 12,
  "major_collections": 0,
  "compactions": 0,
  "top_heap_gb": 0.00870513916015625,
  "stack_kb": 0.3671875,
  "minor_heap_kb": 8192.0,
  "attributes_table": {
    "num_bindings": 4,
    "num_buckets": 16,
    "max_bucket_length": 1
  }
}