{
  "rtime": 2.8045809268951416,
  "utime": 2.575782,
  "stime": 0.074737,
  "cutime": 0.003697,
  "cstime": 0.005984,
  "minor_gb": 4.324831232428551,
  "promoted_gb": 0.018748410046100616,
  "major_gb": 0.02244456857442856,
  "allocated_gb": 4.328527390956879,
  "minor_collections": 560,
  "major_collections": 5,
  "compactions": 0,
  "top_heap_gb": 0.01324462890625,
  "stack_kb": 0.3671875,
  "minor_heap_kb": 8192.0,
  "attributes_table": {
    "num_bindings": 8,
    "num_buckets": 16,
    "max_bucket_length": 2
  }
}