{
  "rtime": 0.02780294418334961,
  "utime": 0.012268000000000001,
  "stime": 0.004803,
  "cutime": 0.00387,
  "cstime": 0.006271,
  "minor_gb": 0.00727003812789917,
  "promoted_gb": 0.0015829503536224365,
  "major_gb": 0.00161830335855484,
  "allocated_gb": 0.0073053911328315735,
  "minor_collections": 5,
  "major_collections": 0,
  "compactions": 0,
  "top_heap_gb": 0.003662109375,
  "stack_kb": 0.3671875,
  "minor_heap_kb": 8192.0,
  "attributes_table": {
    "num_bindings": 0,
    "num_buckets": 16,
    "max_bucket_length": 0
  }
}