{
  "rtime": 14.61226201057434,
  "utime": 13.513424,
  "stime": 0.19156499999999999,
  "cutime": 0.003734,
  "cstime": 0.006401,
  "minor_gb": 16.401632592082024,
  "promoted_gb": 0.0675128698348999,
  "major_gb": 0.07319191098213196,
  "allocated_gb": 16.407311633229256,
  "minor_collections": 2112,
  "major_collections": 16,
  "compactions": 0,
  "top_heap_gb": 0.02317047119140625,
  "stack_kb": 0.3671875,
  "minor_heap_kb": 8192.0,
  "attributes_table": {
    "num_bindings": 42,
    "num_buckets": 32,
    "max_bucket_length": 4
  }
}