{
  "rtime": 5.696487903594971,
  "utime": 5.241132,
  "stime": 0.110571,
  "cutime": 0.003788,
  "cstime": 0.006153,
  "minor_gb": 8.118899032473564,
  "promoted_gb": 0.03350207954645157,
  "major_gb": 0.03714758902788162,
  "allocated_gb": 8.122544541954994,
  "minor_collections": 1047,
  "major_collections": 8,
  "compactions": 0,
  "top_heap_gb": 0.01751708984375,
  "stack_kb": 0.3671875,
  "minor_heap_kb": 8192.0,
  "attributes_table": {
    "num_bindings": 6,
    "num_buckets": 16,
    "max_bucket_length": 1
  }
}