{
  "rtime": 0.653796911239624,
  "utime": 0.5888920000000001,
  "stime": 0.044686000000000003,
  "cutime": 0.003645,
  "cstime": 0.00598,
  "minor_gb": 0.8682625964283943,
  "promoted_gb": 0.006132476031780243,
  "major_gb": 0.009844511747360229,
  "allocated_gb": 0.8719746321439743,
  "minor_collections": 116,
  "major_collections": 2,
  "compactions": 0,
  "top_heap_gb": 0.010013580322265625,
  "stack_kb": 0.3671875,
  "minor_heap_kb": 8192.0,
  "attributes_table": {
    "num_bindings": 14,
    "num_buckets": 16,
    "max_bucket_length": 2
  }
}