{
  "rtime": 11.112859010696411,
  "utime": 10.378769,
  "stime": 0.13372900000000001,
  "cutime": 0.00382,
  "cstime": 0.006496,
  "minor_gb": 16.757398068904877,
  "promoted_gb": 0.07877014577388763,
  "major_gb": 0.08402852714061737,
  "allocated_gb": 16.762656450271606,
  "minor_collections": 2157,
  "major_collections": 16,
  "compactions": 0,
  "top_heap_gb": 0.02317047119140625,
  "stack_kb": 0.3671875,
  "minor_heap_kb": 8192.0,
  "attributes_table": {
    "num_bindings": 16,
    "num_buckets": 16,
    "max_bucket_length": 3
  }
}