{
  "rtime": 0.1678011417388916,
  "utime": 0.12408000000000001,
  "stime": 0.022794,
  "cutime": 0.003774,
  "cstime": 0.006185,
  "minor_gb": 0.12290941923856735,
  "promoted_gb": 0.0032640844583511353,
  "major_gb": 0.006203591823577881,
  "allocated_gb": 0.1258489266037941,
  "minor_collections": 20,
  "major_collections": 1,
  "compactions": 0,
  "top_heap_gb": 0.00870513916015625,
  "stack_kb": 0.3671875,
  "minor_heap_kb": 8192.0,
  "attributes_table": {
    "num_bindings": 11,
    "num_buckets": 16,
    "max_bucket_length": 4
  }
}