{
  "rtime": 0.0775139331817627,
  "utime": 0.041757,
  "stime": 0.010923999999999998,
  "cutime": 0.003768,
  "cstime": 0.005961,
  "minor_gb": 0.010146327316761017,
  "promoted_gb": 0.0015829503536224365,
  "major_gb": 0.004459351301193237,
  "allocated_gb": 0.013022728264331818,
  "minor_collections": 5,
  "major_collections": 0,
  "compactions": 0,
  "top_heap_gb": 0.00870513916015625,
  "stack_kb": 0.3671875,
  "minor_heap_kb": 8192.0,
  "attributes_table": {
    "num_bindings": 1,
    "num_buckets": 16,
    "max_bucket_length": 1
  }
}