{
  "rtime": 0.02729511260986328,
  "utime": 0.012746,
  "stime": 0.004650999999999999,
  "cutime": 0.003617,
  "cstime": 0.005837,
  "minor_gb": 0.007162302732467651,
  "promoted_gb": 0.0015829503536224365,
  "major_gb": 0.0016134902834892273,
  "allocated_gb": 0.007192842662334442,
  "minor_collections": 5,
  "major_collections": 0,
  "compactions": 0,
  "top_heap_gb": 0.003662109375,
  "stack_kb": 0.3671875,
  "minor_heap_kb": 8192.0,
  "attributes_table": {
    "num_bindings": 0,
    "num_buckets": 16,
    "max_bucket_length": 0
  }
}