{
  "rtime": 0.026495933532714844,
  "utime": 0.012306999999999998,
  "stime": 0.004473999999999999,
  "cutime": 0.003565,
  "cstime": 0.005913,
  "minor_gb": 0.007241830229759216,
  "promoted_gb": 0.0015829503536224365,
  "major_gb": 0.0016171932220458984,
  "allocated_gb": 0.007276073098182678,
  "minor_collections": 5,
  "major_collections": 0,
  "compactions": 0,
  "top_heap_gb": 0.003662109375,
  "stack_kb": 0.3671875,
  "minor_heap_kb": 8192.0,
  "attributes_table": {
    "num_bindings": 0,
    "num_buckets": 16,
    "max_bucket_length": 0
  }
}