{
  "rtime": 0.21043801307678223,
  "utime": 0.169795,
  "stime": 0.027362000000000004,
  "cutime": 0.003858,
  "cstime": 0.00641,
  "minor_gb": 0.18286562711000443,
  "promoted_gb": 0.0035827383399009705,
  "major_gb": 0.006539158523082733,
  "allocated_gb": 0.1858220472931862,
  "minor_collections": 28,
  "major_collections": 1,
  "compactions": 0,
  "top_heap_gb": 0.00870513916015625,
  "stack_kb": 0.3671875,
  "minor_heap_kb": 8192.0,
  "attributes_table": {
    "num_bindings": 14,
    "num_buckets": 16,
    "max_bucket_length": 3
  }
}