{
  "rtime": 0.026728153228759766,
  "utime": 0.011666000000000003,
  "stime": 0.003097000000000001,
  "cutime": 0.003598,
  "cstime": 0.005738,
  "minor_gb": 0.007218994200229645,
  "promoted_gb": 0.0015829503536224365,
  "major_gb": 0.0016163066029548645,
  "allocated_gb": 0.007252350449562073,
  "minor_collections": 5,
  "major_collections": 0,
  "compactions": 0,
  "top_heap_gb": 0.003662109375,
  "stack_kb": 0.3671875,
  "minor_heap_kb": 8192.0,
  "attributes_table": {
    "num_bindings": 0,
    "num_buckets": 16,
    "max_bucket_length": 0
  }
}