{
  "rtime": 1.2944319248199463,
  "utime": 1.146696,
  "stime": 0.033777,
  "cutime": 0.003507,
  "cstime": 0.005635,
  "minor_gb": 1.8416720181703568,
  "promoted_gb": 0.010537989437580109,
  "major_gb": 0.0135246142745018,
  "allocated_gb": 1.8446586430072784,
  "minor_collections": 241,
  "major_collections": 3,
  "compactions": 0,
  "top_heap_gb": 0.011516571044921875,
  "stack_kb": 0.3671875,
  "minor_heap_kb": 8192.0,
  "attributes_table": {
    "num_bindings": 7,
    "num_buckets": 16,
    "max_bucket_length": 2
  }
}