{
  "rtime": 7.478572845458984,
  "utime": 6.6947,
  "stime": 0.276863,
  "cutime": 0.003814,
  "cstime": 0.006167,
  "minor_gb": 10.888807527720928,
  "promoted_gb": 0.043770574033260345,
  "major_gb": 0.05160614848136902,
  "allocated_gb": 10.896643102169037,
  "minor_collections": 1402,
  "major_collections": 9,
  "compactions": 0,
  "top_heap_gb": 0.0273590087890625,
  "stack_kb": 0.3671875,
  "minor_heap_kb": 8192.0,
  "attributes_table": {
    "num_bindings": 77,
    "num_buckets": 64,
    "max_bucket_length": 4
  }
}