{
  "rtime": 3.902237892150879,
  "utime": 3.514153,
  "stime": 0.10829,
  "cutime": 0.00376,
  "cstime": 0.005934,
  "minor_gb": 5.67798775434494,
  "promoted_gb": 0.025721214711666107,
  "major_gb": 0.03214131295681,
  "allocated_gb": 5.684407852590084,
  "minor_collections": 733,
  "major_collections": 6,
  "compactions": 0,
  "top_heap_gb": 0.02317047119140625,
  "stack_kb": 0.3671875,
  "minor_heap_kb": 8192.0,
  "attributes_table": {
    "num_bindings": 36,
    "num_buckets": 32,
    "max_bucket_length": 4
  }
}